date,cumulative,daily_change
2020-01-22,0.0,
2020-01-23,0.0,0.0
2020-01-24,0.0,0.0
2020-01-25,0.0,0.0
2020-01-26,0.0,0.0
2020-01-27,0.0,0.0
2020-01-28,0.0,0.0
2020-01-29,0.0,0.0
2020-01-30,0.0,0.0
2020-01-31,0.0,0.0
2020-02-01,0.0,0.0
2020-02-02,0.0,0.0
2020-02-03,0.0,0.0
2020-02-04,0.0,0.0
2020-02-05,0.0,0.0
2020-02-06,0.0,0.0
2020-02-07,0.0,0.0
2020-02-08,0.0,0.0
2020-02-09,0.0,0.0
2020-02-10,0.0,0.0
2020-02-11,0.0,0.0
2020-02-12,0.0,0.0
2020-02-13,0.0,0.0
2020-02-14,0.0,0.0
2020-02-15,0.0,0.0
2020-02-16,0.0,0.0
2020-02-17,0.0,0.0
2020-02-18,0.0,0.0
2020-02-19,0.0,0.0
2020-02-20,0.0,0.0
2020-02-21,0.0,0.0
2020-02-22,0.0,0.0
2020-02-23,0.0,0.0
2020-02-24,0.0,0.0
2020-02-25,0.0,0.0
2020-02-26,0.0,0.0
2020-02-27,0.0,0.0
2020-02-28,0.0,0.0
2020-02-29,0.0,0.0
2020-03-01,0.0,0.0
2020-03-02,0.0,0.0
2020-03-03,0.0,0.0
2020-03-04,0.0,0.0
2020-03-05,0.0,0.0
2020-03-06,0.0,0.0
2020-03-07,0.0,0.0
2020-03-08,0.0,0.0
2020-03-09,0.0,0.0
2020-03-10,0.0,0.0
2020-03-11,2.0,2.0
2020-03-12,2.0,0.0
2020-03-13,3.0,1.0
2020-03-14,10.0,7.0
2020-03-15,10.0,0.0
2020-03-16,11.0,1.0
2020-03-17,11.0,0.0
2020-03-18,12.0,1.0
2020-03-19,12.0,0.0
2020-03-20,15.0,3.0
2020-03-21,19.0,4.0
2020-03-22,24.0,5.0
2020-03-23,27.0,3.0
2020-03-24,29.0,2.0
2020-03-25,32.0,3.0
2020-03-26,43.0,11.0
2020-03-27,61.0,18.0
2020-03-28,74.0,13.0
2020-03-29,81.0,7.0
2020-03-30,97.0,16.0
2020-03-31,107.0,10.0
2020-04-01,115.0,8.0
2020-04-02,123.0,8.0
2020-04-03,132.0,9.0
2020-04-04,139.0,7.0
2020-04-05,157.0,18.0
2020-04-06,183.0,26.0
2020-04-07,194.0,11.0
2020-04-08,210.0,16.0
2020-04-09,264.0,54.0
2020-04-10,268.0,4.0
2020-04-11,275.0,7.0
2020-04-12,300.0,25.0
2020-04-13,330.0,30.0
2020-04-14,354.0,24.0
2020-04-15,397.0,43.0
2020-04-16,441.0,44.0
2020-04-17,465.0,24.0
2020-04-18,493.0,28.0
2020-04-19,520.0,27.0
2020-04-20,564.0,44.0
2020-04-21,598.0,34.0
2020-04-22,609.0,11.0
2020-04-23,703.0,94.0
2020-04-24,807.0,104.0
2020-04-25,866.0,59.0
2020-04-26,950.0,84.0
2020-04-27,1014.0,64.0
2020-04-28,1053.0,39.0
2020-04-29,1110.0,57.0
2020-04-30,1167.0,57.0
2020-05-01,1229.0,62.0
2020-05-02,1470.0,241.0
2020-05-03,1594.0,124.0
2020-05-04,1681.0,87.0
2020-05-05,1802.0,121.0
2020-05-06,1886.0,84.0
2020-05-07,2081.0,195.0
2020-05-08,2266.0,185.0
2020-05-09,2437.0,171.0
2020-05-10,2556.0,119.0
2020-05-11,2831.0,275.0
2020-05-12,2964.0,133.0
2020-05-13,3148.0,184.0
2020-05-14,3372.0,224.0
2020-05-15,3577.0,205.0
2020-05-16,3826.0,249.0
2020-05-17,4088.0,262.0
2020-05-18,4263.0,175.0
2020-05-19,4481.0,218.0
2020-05-20,4919.0,438.0
2020-05-21,5187.0,268.0
2020-05-22,5579.0,392.0
2020-05-23,5915.0,336.0
2020-05-24,6263.0,348.0
2020-05-25,6660.0,397.0
2020-05-26,7136.0,476.0
2020-05-27,7768.0,632.0
2020-05-28,8387.0,619.0
2020-05-29,8731.0,344.0
2020-05-30,9592.0,861.0
2020-05-31,9982.0,390.0
2020-06-01,10531.0,549.0
2020-06-02,10991.0,460.0
2020-06-03,11638.0,647.0
2020-06-04,12245.0,607.0
2020-06-05,12728.0,483.0
2020-06-06,13358.0,630.0
2020-06-07,13643.0,285.0
2020-06-08,13949.0,306.0
2020-06-09,14644.0,695.0
2020-06-10,15281.0,637.0
2020-06-11,16165.0,884.0
2020-06-12,16929.0,764.0
2020-06-13,17842.0,913.0
2020-06-14,18459.0,617.0
2020-06-15,19073.0,614.0
2020-06-16,19883.0,810.0
2020-06-17,20685.0,802.0
2020-06-18,21499.0,814.0
2020-06-19,22476.0,977.0
2020-06-20,23512.0,1036.0
2020-06-21,24388.0,876.0
2020-06-22,25493.0,1105.0
2020-06-23,26389.0,896.0
2020-06-24,27487.0,1098.0
2020-06-25,28503.0,1016.0
2020-06-26,29423.0,920.0
2020-06-27,30676.0,1253.0
2020-06-28,31524.0,848.0
2020-06-29,32125.0,601.0
2020-06-30,33219.0,1094.0
2020-07-01,34227.0,1008.0
2020-07-02,35528.0,1301.0
2020-07-03,36818.0,1290.0
2020-07-04,38071.0,1253.0
2020-07-05,39297.0,1226.0
2020-07-06,40509.0,1212.0
2020-07-07,41545.0,1036.0
2020-07-08,42984.0,1439.0
2020-07-09,44113.0,1129.0
2020-07-10,45565.0,1452.0
2020-07-11,47200.0,1635.0
2020-07-12,48187.0,987.0
2020-07-13,49250.0,1063.0
2020-07-14,50867.0,1617.0
2020-07-15,52218.0,1351.0
2020-07-16,54156.0,1938.0
2020-07-17,56102.0,1946.0
2020-07-18,58138.0,2036.0
2020-07-19,59582.0,1444.0
2020-07-20,60991.0,1409.0
2020-07-21,62357.0,1366.0
2020-07-22,64135.0,1778.0
2020-07-23,65252.0,1117.0
2020-07-24,66456.0,1204.0
2020-07-25,68281.0,1825.0
2020-07-26,69429.0,1148.0
2020-07-27,71181.0,1752.0
2020-07-28,72327.0,1146.0
2020-07-29,73534.0,1207.0
2020-07-30,75234.0,1700.0
2020-07-31,76789.0,1555.0
2020-08-01,78793.0,2004.0
2020-08-02,80153.0,1360.0
2020-08-03,81846.0,1693.0
2020-08-04,83361.0,1515.0
2020-08-05,85141.0,1780.0
2020-08-06,86423.0,1282.0
2020-08-07,87891.0,1468.0
2020-08-08,89055.0,1164.0
2020-08-09,89999.0,944.0
2020-08-10,91635.0,1636.0
2020-08-11,93328.0,1693.0
2020-08-12,95071.0,1743.0
2020-08-13,96459.0,1388.0
2020-08-14,97950.0,1491.0
2020-08-15,99146.0,1196.0
2020-08-16,100344.0,1198.0
2020-08-17,101223.0,879.0
2020-08-18,103019.0,1796.0
2020-08-19,105050.0,2031.0
2020-08-20,106065.0,1015.0
2020-08-21,107435.0,1370.0
2020-08-22,108427.0,992.0
2020-08-23,109149.0,722.0
2020-08-24,110148.0,999.0
2020-08-25,110999.0,851.0
2020-08-26,112094.0,1095.0
2020-08-27,113129.0,1035.0
2020-08-28,114409.0,1280.0
2020-08-29,115354.0,945.0
2020-08-30,115968.0,614.0
2020-08-31,116598.0,630.0
2020-09-01,117267.0,669.0
2020-09-02,117928.0,661.0
2020-09-03,118781.0,853.0
2020-09-04,119580.0,799.0
2020-09-05,120241.0,661.0
2020-09-06,120769.0,528.0
2020-09-07,121604.0,835.0
2020-09-08,122308.0,704.0
2020-09-09,123345.0,1037.0
2020-09-10,124205.0,860.0
2020-09-11,125172.0,967.0
2020-09-12,125982.0,810.0
2020-09-13,126791.0,809.0
2020-09-14,127619.0,828.0
2020-09-15,128286.0,667.0
2020-09-16,128872.0,586.0
2020-09-17,129419.0,547.0
2020-09-18,130051.0,632.0
2020-09-19,130470.0,419.0
2020-09-20,130676.0,206.0
2020-09-21,130986.0,310.0
2020-09-22,131453.0,467.0
2020-09-23,131990.0,537.0
2020-09-24,132618.0,628.0
2020-09-25,133222.0,604.0
2020-09-26,133592.0,370.0
2020-09-27,133901.0,309.0
2020-09-28,134223.0,322.0
2020-09-29,134641.0,418.0
2020-09-30,135311.0,670.0
2020-10-01,135716.0,405.0
2020-10-02,136219.0,503.0
2020-10-03,136569.0,350.0
2020-10-04,136868.0,299.0
2020-10-05,137107.0,239.0
2020-10-06,137468.0,361.0
2020-10-07,137706.0,238.0
2020-10-08,137969.0,263.0
2020-10-09,138226.0,257.0
2020-10-10,138463.0,237.0
2020-10-11,138574.0,111.0
2020-10-12,138695.0,121.0
2020-10-13,138922.0,227.0
2020-10-14,139141.0,219.0
2020-10-15,139319.0,178.0
2020-10-16,139562.0,243.0
2020-10-17,139710.0,148.0
2020-10-18,139771.0,61.0
2020-10-19,139890.0,119.0
2020-10-20,140037.0,147.0
2020-10-21,140228.0,191.0
2020-10-22,140445.0,217.0
2020-10-23,140612.0,167.0
2020-10-24,140779.0,167.0
2020-10-25,140853.0,74.0
2020-10-26,140952.0,99.0
2020-10-27,141124.0,172.0
2020-10-28,141321.0,197.0
2020-10-29,141484.0,163.0
2020-10-30,141631.0,147.0
2020-10-31,141757.0,126.0
2020-11-01,141833.0,76.0
2020-11-02,141867.0,34.0
2020-11-03,141936.0,69.0
2020-11-04,142062.0,126.0
2020-11-05,142201.0,139.0
2020-11-06,142343.0,142.0
2020-11-07,142427.0,84.0
2020-11-08,142475.0,48.0
2020-11-09,142561.0,86.0
2020-11-10,142664.0,103.0
2020-11-11,142776.0,112.0
2020-11-12,142889.0,113.0
2020-11-13,143069.0,180.0
2020-11-14,143181.0,112.0
2020-11-15,143246.0,65.0
2020-11-16,143371.0,125.0
2020-11-17,143473.0,102.0
2020-11-18,143569.0,96.0
2020-11-19,143756.0,187.0
2020-11-20,143854.0,98.0
2020-11-21,143922.0,68.0
2020-11-22,143978.0,56.0
2020-11-23,144034.0,56.0
2020-11-24,144147.0,113.0
2020-11-25,144276.0,129.0
2020-11-26,144390.0,114.0
2020-11-27,144494.0,104.0
2020-11-28,144592.0,98.0
2020-11-29,144622.0,30.0
2020-11-30,144708.0,86.0
2020-12-01,144810.0,102.0
2020-12-02,144994.0,184.0
2020-12-03,145186.0,192.0
2020-12-04,145325.0,139.0
2020-12-05,145492.0,167.0
2020-12-06,145560.0,68.0
2020-12-07,145657.0,97.0
2020-12-08,145846.0,189.0
2020-12-09,146060.0,214.0
2020-12-10,146385.0,325.0
2020-12-11,146697.0,312.0
2020-12-12,147030.0,333.0
2020-12-13,147150.0,120.0
2020-12-14,147345.0,195.0
2020-12-15,147716.0,371.0
2020-12-16,148214.0,498.0
2020-12-17,148665.0,451.0
2020-12-18,149149.0,484.0
2020-12-19,149770.0,621.0
2020-12-20,150023.0,253.0
2020-12-21,150385.0,362.0
2020-12-22,151059.0,674.0
2020-12-23,152064.0,1005.0
2020-12-24,153121.0,1057.0
2020-12-25,153590.0,469.0
2020-12-26,154349.0,759.0
2020-12-27,154843.0,494.0
2020-12-28,155594.0,751.0
2020-12-29,156887.0,1293.0
2020-12-30,158372.0,1485.0
2020-12-31,160124.0,1752.0
2021-01-01,160985.0,861.0
2021-01-02,162055.0,1070.0
2021-01-03,162661.0,606.0
2021-01-04,163671.0,1010.0
2021-01-05,165268.0,1597.0
2021-01-06,166981.0,1713.0
2021-01-07,168891.0,1910.0
2021-01-08,171154.0,2263.0
2021-01-09,172798.0,1644.0
2021-01-10,173896.0,1098.0
2021-01-11,175288.0,1392.0
2021-01-12,176761.0,1473.0
2021-01-13,178818.0,2057.0
2021-01-14,181016.0,2198.0
2021-01-15,183589.0,2573.0
2021-01-16,185680.0,2091.0
2021-01-17,187183.0,1503.0
2021-01-18,188733.0,1550.0
2021-01-19,191090.0,2357.0
2021-01-20,193745.0,2655.0
2021-01-21,196393.0,2648.0
2021-01-22,198257.0,1864.0
2021-01-23,199989.0,1732.0
2021-01-24,201037.0,1048.0
2021-01-25,202818.0,1781.0
2021-01-26,205208.0,2390.0
2021-01-27,208074.0,2866.0
2021-01-28,210726.0,2652.0
2021-01-29,213392.0,2666.0
2021-01-30,215397.0,2005.0
2021-01-31,216835.0,1438.0
2021-02-01,218299.0,1464.0
2021-02-02,220426.0,2127.0
2021-02-03,222447.0,2021.0
2021-02-04,224234.0,1787.0
2021-02-05,225910.0,1676.0
2021-02-06,227128.0,1218.0
2021-02-07,227967.0,839.0
2021-02-08,229187.0,1220.0
2021-02-09,230731.0,1544.0
2021-02-10,232502.0,1771.0
2021-02-11,233854.0,1352.0
2021-02-12,235098.0,1244.0
2021-02-13,236036.0,938.0
2021-02-14,236732.0,696.0
2021-02-15,237144.0,412.0
2021-02-16,237706.0,562.0
2021-02-17,238495.0,789.0
2021-02-18,239524.0,1029.0
2021-02-19,240676.0,1152.0
2021-02-20,241771.0,1095.0
2021-02-21,242292.0,521.0
2021-02-22,243176.0,884.0
2021-02-23,244380.0,1204.0
2021-02-24,245719.0,1339.0
2021-02-25,246822.0,1103.0
2021-02-26,247891.0,1069.0
2021-02-27,248547.0,656.0
2021-02-28,249010.0,463.0
2021-03-01,249767.0,757.0
2021-03-02,250557.0,790.0
2021-03-03,251391.0,834.0
2021-03-04,252360.0,969.0
2021-03-05,253297.0,937.0
2021-03-06,253950.0,653.0
2021-03-07,254273.0,323.0
2021-03-08,254736.0,463.0
2021-03-09,255621.0,885.0
2021-03-10,256462.0,841.0
2021-03-11,257240.0,778.0
2021-03-12,258324.0,1084.0
2021-03-13,259004.0,680.0
2021-03-14,259389.0,385.0
2021-03-15,260059.0,670.0
2021-03-16,260988.0,929.0
2021-03-17,262056.0,1068.0
2021-03-18,262941.0,885.0
2021-03-19,263808.0,867.0
2021-03-20,264411.0,603.0
2021-03-21,264634.0,223.0
2021-03-22,265207.0,573.0
2021-03-23,266086.0,879.0
2021-03-24,267059.0,973.0
2021-03-25,267833.0,774.0
2021-03-26,268711.0,878.0
2021-03-27,269302.0,591.0
2021-03-28,269628.0,326.0
2021-03-29,270347.0,719.0
2021-03-30,271419.0,1072.0
2021-03-31,272411.0,992.0
2021-04-01,273327.0,916.0
2021-04-02,273947.0,620.0
2021-04-03,274467.0,520.0
2021-04-04,274934.0,467.0
2021-04-05,275392.0,458.0
2021-04-06,276890.0,1498.0
2021-04-07,277966.0,1076.0
2021-04-08,279207.0,1241.0
2021-04-09,280649.0,1442.0
2021-04-10,281570.0,921.0
2021-04-11,282095.0,525.0
2021-04-12,283084.0,989.0
2021-04-13,284183.0,1099.0
2021-04-14,285291.0,1108.0
2021-04-15,286114.0,823.0
2021-04-16,287360.0,1246.0
2021-04-17,287360.0,0.0
2021-04-18,289066.0,1706.0
2021-04-19,290362.0,1296.0
2021-04-20,291675.0,1313.0
2021-04-21,293061.0,1386.0
2021-04-22,294391.0,1330.0
2021-04-23,295892.0,1501.0
2021-04-24,297185.0,1293.0
2021-04-25,297659.0,474.0
2021-04-26,298778.0,1119.0
2021-04-27,300258.0,1480.0
2021-04-28,301831.0,1573.0
2021-04-29,301831.0,0.0
2021-04-30,303732.0,1901.0
2021-05-01,306527.0,2795.0
2021-05-02,306527.0,0.0
2021-05-03,308984.0,2457.0
2021-05-04,308984.0,0.0
2021-05-05,310572.0,1588.0
2021-05-06,314190.0,3618.0
2021-05-07,314190.0,0.0
2021-05-08,317547.0,3357.0
2021-05-09,317547.0,0.0
2021-05-10,318610.0,1063.0
2021-05-11,320209.0,1599.0
2021-05-12,322578.0,2369.0
2021-05-13,324868.0,2290.0
2021-05-14,327224.0,2356.0
2021-05-15,329733.0,2509.0
2021-05-16,332567.0,2834.0
2021-05-17,334824.0,2257.0
2021-05-18,334824.0,0.0
2021-05-19,337441.0,2617.0
2021-05-20,340207.0,2766.0
2021-05-21,343065.0,2858.0
2021-05-22,346070.0,3005.0
2021-05-23,349653.0,3583.0
2021-05-24,349653.0,0.0
2021-05-25,355349.0,5696.0
2021-05-26,358562.0,3213.0
2021-05-27,361580.0,3018.0
2021-05-28,364570.0,2990.0
2021-05-29,366714.0,2144.0
