daily_lag_1,daily_lag_2,daily_lag_3,daily_lag_4,daily_lag_5,daily_lag_6,daily_lag_7,daily_lag_8,daily_lag_9,daily_lag_10,daily_lag_11,daily_lag_12,daily_lag_13,daily_lag_14,daily_mean_7,daily_mean_14,weekday_sin,weekday_cos,target_date,target_date_index,daily_change
0.0,0.0,0.0,0.0,0.0,0.0,0.0,0.0,0.0,0.0,0.0,0.0,0.0,0.0,0.0,0.0,0.43388373911755823,-0.900968867902419,2020-02-06,15,0.0
0.0,0.0,0.0,0.0,0.0,0.0,0.0,0.0,0.0,0.0,0.0,0.0,0.0,0.0,0.0,0.0,-0.433883739117558,-0.9009688679024191,2020-02-07,16,0.0
0.0,0.0,0.0,0.0,0.0,0.0,0.0,0.0,0.0,0.0,0.0,0.0,0.0,0.0,0.0,0.0,-0.9749279121818236,-0.2225209339563146,2020-02-08,17,0.0
0.0,0.0,0.0,0.0,0.0,0.0,0.0,0.0,0.0,0.0,0.0,0.0,0.0,0.0,0.0,0.0,-0.7818314824680299,0.6234898018587334,2020-02-09,18,0.0
0.0,0.0,0.0,0.0,0.0,0.0,0.0,0.0,0.0,0.0,0.0,0.0,0.0,0.0,0.0,0.0,0.0,1.0,2020-02-10,19,0.0
0.0,0.0,0.0,0.0,0.0,0.0,0.0,0.0,0.0,0.0,0.0,0.0,0.0,0.0,0.0,0.0,0.7818314824680298,0.6234898018587336,2020-02-11,20,0.0
0.0,0.0,0.0,0.0,0.0,0.0,0.0,0.0,0.0,0.0,0.0,0.0,0.0,0.0,0.0,0.0,0.9749279121818236,-0.22252093395631434,2020-02-12,21,0.0
0.0,0.0,0.0,0.0,0.0,0.0,0.0,0.0,0.0,0.0,0.0,0.0,0.0,0.0,0.0,0.0,0.43388373911755823,-0.900968867902419,2020-02-13,22,0.0
0.0,0.0,0.0,0.0,0.0,0.0,0.0,0.0,0.0,0.0,0.0,0.0,0.0,0.0,0.0,0.0,-0.433883739117558,-0.9009688679024191,2020-02-14,23,0.0
0.0,0.0,0.0,0.0,0.0,0.0,0.0,0.0,0.0,0.0,0.0,0.0,0.0,0.0,0.0,0.0,-0.9749279121818236,-0.2225209339563146,2020-02-15,24,0.0
0.0,0.0,0.0,0.0,0.0,0.0,0.0,0.0,0.0,0.0,0.0,0.0,0.0,0.0,0.0,0.0,-0.7818314824680299,0.6234898018587334,2020-02-16,25,0.0
0.0,0.0,0.0,0.0,0.0,0.0,0.0,0.0,0.0,0.0,0.0,0.0,0.0,0.0,0.0,0.0,0.0,1.0,2020-02-17,26,0.0
0.0,0.0,0.0,0.0,0.0,0.0,0.0,0.0,0.0,0.0,0.0,0.0,0.0,0.0,0.0,0.0,0.7818314824680298,0.6234898018587336,2020-02-18,27,0.0
0.0,0.0,0.0,0.0,0.0,0.0,0.0,0.0,0.0,0.0,0.0,0.0,0.0,0.0,0.0,0.0,0.9749279121818236,-0.22252093395631434,2020-02-19,28,0.0
0.0,0.0,0.0,0.0,0.0,0.0,0.0,0.0,0.0,0.0,0.0,0.0,0.0,0.0,0.0,0.0,0.43388373911755823,-0.900968867902419,2020-02-20,29,0.0
0.0,0.0,0.0,0.0,0.0,0.0,0.0,0.0,0.0,0.0,0.0,0.0,0.0,0.0,0.0,0.0,-0.433883739117558,-0.9009688679024191,2020-02-21,30,0.0
0.0,0.0,0.0,0.0,0.0,0.0,0.0,0.0,0.0,0.0,0.0,0.0,0.0,0.0,0.0,0.0,-0.9749279121818236,-0.2225209339563146,2020-02-22,31,0.0
0.0,0.0,0.0,0.0,0.0,0.0,0.0,0.0,0.0,0.0,0.0,0.0,0.0,0.0,0.0,0.0,-0.7818314824680299,0.6234898018587334,2020-02-23,32,0.0
0.0,0.0,0.0,0.0,0.0,0.0,0.0,0.0,0.0,0.0,0.0,0.0,0.0,0.0,0.0,0.0,0.0,1.0,2020-02-24,33,0.0
0.0,0.0,0.0,0.0,0.0,0.0,0.0,0.0,0.0,0.0,0.0,0.0,0.0,0.0,0.0,0.0,0.7818314824680298,0.6234898018587336,2020-02-25,34,0.0
0.0,0.0,0.0,0.0,0.0,0.0,0.0,0.0,0.0,0.0,0.0,0.0,0.0,0.0,0.0,0.0,0.9749279121818236,-0.22252093395631434,2020-02-26,35,0.0
0.0,0.0,0.0,0.0,0.0,0.0,0.0,0.0,0.0,0.0,0.0,0.0,0.0,0.0,0.0,0.0,0.43388373911755823,-0.900968867902419,2020-02-27,36,0.0
0.0,0.0,0.0,0.0,0.0,0.0,0.0,0.0,0.0,0.0,0.0,0.0,0.0,0.0,0.0,0.0,-0.433883739117558,-0.9009688679024191,2020-02-28,37,0.0
0.0,0.0,0.0,0.0,0.0,0.0,0.0,0.0,0.0,0.0,0.0,0.0,0.0,0.0,0.0,0.0,-0.9749279121818236,-0.2225209339563146,2020-02-29,38,0.0
0.0,0.0,0.0,0.0,0.0,0.0,0.0,0.0,0.0,0.0,0.0,0.0,0.0,0.0,0.0,0.0,-0.7818314824680299,0.6234898018587334,2020-03-01,39,0.0
0.0,0.0,0.0,0.0,0.0,0.0,0.0,0.0,0.0,0.0,0.0,0.0,0.0,0.0,0.0,0.0,0.0,1.0,2020-03-02,40,0.0
0.0,0.0,0.0,0.0,0.0,0.0,0.0,0.0,0.0,0.0,0.0,0.0,0.0,0.0,0.0,0.0,0.7818314824680298,0.6234898018587336,2020-03-03,41,0.0
0.0,0.0,0.0,0.0,0.0,0.0,0.0,0.0,0.0,0.0,0.0,0.0,0.0,0.0,0.0,0.0,0.9749279121818236,-0.22252093395631434,2020-03-04,42,0.0
0.0,0.0,0.0,0.0,0.0,0.0,0.0,0.0,0.0,0.0,0.0,0.0,0.0,0.0,0.0,0.0,0.43388373911755823,-0.900968867902419,2020-03-05,43,0.0
0.0,0.0,0.0,0.0,0.0,0.0,0.0,0.0,0.0,0.0,0.0,0.0,0.0,0.0,0.0,0.0,-0.433883739117558,-0.9009688679024191,2020-03-06,44,0.0
0.0,0.0,0.0,0.0,0.0,0.0,0.0,0.0,0.0,0.0,0.0,0.0,0.0,0.0,0.0,0.0,-0.9749279121818236,-0.2225209339563146,2020-03-07,45,0.0
0.0,0.0,0.0,0.0,0.0,0.0,0.0,0.0,0.0,0.0,0.0,0.0,0.0,0.0,0.0,0.0,-0.7818314824680299,0.6234898018587334,2020-03-08,46,0.0
0.0,0.0,0.0,0.0,0.0,0.0,0.0,0.0,0.0,0.0,0.0,0.0,0.0,0.0,0.0,0.0,0.0,1.0,2020-03-09,47,0.0
0.0,0.0,0.0,0.0,0.0,0.0,0.0,0.0,0.0,0.0,0.0,0.0,0.0,0.0,0.0,0.0,0.7818314824680298,0.6234898018587336,2020-03-10,48,0.0
0.0,0.0,0.0,0.0,0.0,0.0,0.0,0.0,0.0,0.0,0.0,0.0,0.0,0.0,0.0,0.0,0.9749279121818236,-0.22252093395631434,2020-03-11,49,2.0
2.0,0.0,0.0,0.0,0.0,0.0,0.0,0.0,0.0,0.0,0.0,0.0,0.0,0.0,0.2857142857142857,0.14285714285714285,0.43388373911755823,-0.900968867902419,2020-03-12,50,0.0
0.0,2.0,0.0,0.0,0.0,0.0,0.0,0.0,0.0,0.0,0.0,0.0,0.0,0.0,0.2857142857142857,0.14285714285714285,-0.433883739117558,-0.9009688679024191,2020-03-13,51,1.0
1.0,0.0,2.0,0.0,0.0,0.0,0.0,0.0,0.0,0.0,0.0,0.0,0.0,0.0,0.42857142857142855,0.21428571428571427,-0.9749279121818236,-0.2225209339563146,2020-03-14,52,7.0
7.0,1.0,0.0,2.0,0.0,0.0,0.0,0.0,0.0,0.0,0.0,0.0,0.0,0.0,1.4285714285714286,0.7142857142857143,-0.7818314824680299,0.6234898018587334,2020-03-15,53,0.0
0.0,7.0,1.0,0.0,2.0,0.0,0.0,0.0,0.0,0.0,0.0,0.0,0.0,0.0,1.4285714285714286,0.7142857142857143,0.0,1.0,2020-03-16,54,1.0
1.0,0.0,7.0,1.0,0.0,2.0,0.0,0.0,0.0,0.0,0.0,0.0,0.0,0.0,1.5714285714285714,0.7857142857142857,0.7818314824680298,0.6234898018587336,2020-03-17,55,0.0
0.0,1.0,0.0,7.0,1.0,0.0,2.0,0.0,0.0,0.0,0.0,0.0,0.0,0.0,1.5714285714285714,0.7857142857142857,0.9749279121818236,-0.22252093395631434,2020-03-18,56,1.0
1.0,0.0,1.0,0.0,7.0,1.0,0.0,2.0,0.0,0.0,0.0,0.0,0.0,0.0,1.4285714285714286,0.8571428571428571,0.43388373911755823,-0.900968867902419,2020-03-19,57,0.0
0.0,1.0,0.0,1.0,0.0,7.0,1.0,0.0,2.0,0.0,0.0,0.0,0.0,0.0,1.4285714285714286,0.8571428571428571,-0.433883739117558,-0.9009688679024191,2020-03-20,58,3.0
3.0,0.0,1.0,0.0,1.0,0.0,7.0,1.0,0.0,2.0,0.0,0.0,0.0,0.0,1.7142857142857142,1.0714285714285714,-0.9749279121818236,-0.2225209339563146,2020-03-21,59,4.0
4.0,3.0,0.0,1.0,0.0,1.0,0.0,7.0,1.0,0.0,2.0,0.0,0.0,0.0,1.2857142857142858,1.3571428571428572,-0.7818314824680299,0.6234898018587334,2020-03-22,60,5.0
5.0,4.0,3.0,0.0,1.0,0.0,1.0,0.0,7.0,1.0,0.0,2.0,0.0,0.0,2.0,1.7142857142857142,0.0,1.0,2020-03-23,61,3.0
3.0,5.0,4.0,3.0,0.0,1.0,0.0,1.0,0.0,7.0,1.0,0.0,2.0,0.0,2.2857142857142856,1.9285714285714286,0.7818314824680298,0.6234898018587336,2020-03-24,62,2.0
2.0,3.0,5.0,4.0,3.0,0.0,1.0,0.0,1.0,0.0,7.0,1.0,0.0,2.0,2.5714285714285716,2.0714285714285716,0.9749279121818236,-0.22252093395631434,2020-03-25,63,3.0
3.0,2.0,3.0,5.0,4.0,3.0,0.0,1.0,0.0,1.0,0.0,7.0,1.0,0.0,2.857142857142857,2.142857142857143,0.43388373911755823,-0.900968867902419,2020-03-26,64,11.0
11.0,3.0,2.0,3.0,5.0,4.0,3.0,0.0,1.0,0.0,1.0,0.0,7.0,1.0,4.428571428571429,2.9285714285714284,-0.433883739117558,-0.9009688679024191,2020-03-27,65,18.0
18.0,11.0,3.0,2.0,3.0,5.0,4.0,3.0,0.0,1.0,0.0,1.0,0.0,7.0,6.571428571428571,4.142857142857143,-0.9749279121818236,-0.2225209339563146,2020-03-28,66,13.0
13.0,18.0,11.0,3.0,2.0,3.0,5.0,4.0,3.0,0.0,1.0,0.0,1.0,0.0,7.857142857142857,4.571428571428571,-0.7818314824680299,0.6234898018587334,2020-03-29,67,7.0
7.0,13.0,18.0,11.0,3.0,2.0,3.0,5.0,4.0,3.0,0.0,1.0,0.0,1.0,8.142857142857142,5.071428571428571,0.0,1.0,2020-03-30,68,16.0
16.0,7.0,13.0,18.0,11.0,3.0,2.0,3.0,5.0,4.0,3.0,0.0,1.0,0.0,10.0,6.142857142857143,0.7818314824680298,0.6234898018587336,2020-03-31,69,10.0
10.0,16.0,7.0,13.0,18.0,11.0,3.0,2.0,3.0,5.0,4.0,3.0,0.0,1.0,11.142857142857142,6.857142857142857,0.9749279121818236,-0.22252093395631434,2020-04-01,70,8.0
8.0,10.0,16.0,7.0,13.0,18.0,11.0,3.0,2.0,3.0,5.0,4.0,3.0,0.0,11.857142857142858,7.357142857142857,0.43388373911755823,-0.900968867902419,2020-04-02,71,8.0
8.0,8.0,10.0,16.0,7.0,13.0,18.0,11.0,3.0,2.0,3.0,5.0,4.0,3.0,11.428571428571429,7.928571428571429,-0.433883739117558,-0.9009688679024191,2020-04-03,72,9.0
9.0,8.0,8.0,10.0,16.0,7.0,13.0,18.0,11.0,3.0,2.0,3.0,5.0,4.0,10.142857142857142,8.357142857142858,-0.9749279121818236,-0.2225209339563146,2020-04-04,73,7.0
7.0,9.0,8.0,8.0,10.0,16.0,7.0,13.0,18.0,11.0,3.0,2.0,3.0,5.0,9.285714285714286,8.571428571428571,-0.7818314824680299,0.6234898018587334,2020-04-05,74,18.0
18.0,7.0,9.0,8.0,8.0,10.0,16.0,7.0,13.0,18.0,11.0,3.0,2.0,3.0,10.857142857142858,9.5,0.0,1.0,2020-04-06,75,26.0
26.0,18.0,7.0,9.0,8.0,8.0,10.0,16.0,7.0,13.0,18.0,11.0,3.0,2.0,12.285714285714286,11.142857142857142,0.7818314824680298,0.6234898018587336,2020-04-07,76,11.0
11.0,26.0,18.0,7.0,9.0,8.0,8.0,10.0,16.0,7.0,13.0,18.0,11.0,3.0,12.428571428571429,11.785714285714286,0.9749279121818236,-0.22252093395631434,2020-04-08,77,16.0
16.0,11.0,26.0,18.0,7.0,9.0,8.0,8.0,10.0,16.0,7.0,13.0,18.0,11.0,13.571428571428571,12.714285714285714,0.43388373911755823,-0.900968867902419,2020-04-09,78,54.0
54.0,16.0,11.0,26.0,18.0,7.0,9.0,8.0,8.0,10.0,16.0,7.0,13.0,18.0,20.142857142857142,15.785714285714286,-0.433883739117558,-0.9009688679024191,2020-04-10,79,4.0
4.0,54.0,16.0,11.0,26.0,18.0,7.0,9.0,8.0,8.0,10.0,16.0,7.0,13.0,19.428571428571427,14.785714285714286,-0.9749279121818236,-0.2225209339563146,2020-04-11,80,7.0
7.0,4.0,54.0,16.0,11.0,26.0,18.0,7.0,9.0,8.0,8.0,10.0,16.0,7.0,19.428571428571427,14.357142857142858,-0.7818314824680299,0.6234898018587334,2020-04-12,81,25.0
25.0,7.0,4.0,54.0,16.0,11.0,26.0,18.0,7.0,9.0,8.0,8.0,10.0,16.0,20.428571428571427,15.642857142857142,0.0,1.0,2020-04-13,82,30.0
30.0,25.0,7.0,4.0,54.0,16.0,11.0,26.0,18.0,7.0,9.0,8.0,8.0,10.0,21.0,16.642857142857142,0.7818314824680298,0.6234898018587336,2020-04-14,83,24.0
24.0,30.0,25.0,7.0,4.0,54.0,16.0,11.0,26.0,18.0,7.0,9.0,8.0,8.0,22.857142857142858,17.642857142857142,0.9749279121818236,-0.22252093395631434,2020-04-15,84,43.0
43.0,24.0,30.0,25.0,7.0,4.0,54.0,16.0,11.0,26.0,18.0,7.0,9.0,8.0,26.714285714285715,20.142857142857142,0.43388373911755823,-0.900968867902419,2020-04-16,85,44.0
44.0,43.0,24.0,30.0,25.0,7.0,4.0,54.0,16.0,11.0,26.0,18.0,7.0,9.0,25.285714285714285,22.714285714285715,-0.433883739117558,-0.9009688679024191,2020-04-17,86,24.0
24.0,44.0,43.0,24.0,30.0,25.0,7.0,4.0,54.0,16.0,11.0,26.0,18.0,7.0,28.142857142857142,23.785714285714285,-0.9749279121818236,-0.2225209339563146,2020-04-18,87,28.0
28.0,24.0,44.0,43.0,24.0,30.0,25.0,7.0,4.0,54.0,16.0,11.0,26.0,18.0,31.142857142857142,25.285714285714285,-0.7818314824680299,0.6234898018587334,2020-04-19,88,27.0
27.0,28.0,24.0,44.0,43.0,24.0,30.0,25.0,7.0,4.0,54.0,16.0,11.0,26.0,31.428571428571427,25.928571428571427,0.0,1.0,2020-04-20,89,44.0
44.0,27.0,28.0,24.0,44.0,43.0,24.0,30.0,25.0,7.0,4.0,54.0,16.0,11.0,33.42857142857143,27.214285714285715,0.7818314824680298,0.6234898018587336,2020-04-21,90,34.0
34.0,44.0,27.0,28.0,24.0,44.0,43.0,24.0,30.0,25.0,7.0,4.0,54.0,16.0,34.857142857142854,28.857142857142858,0.9749279121818236,-0.22252093395631434,2020-04-22,91,11.0
11.0,34.0,44.0,27.0,28.0,24.0,44.0,43.0,24.0,30.0,25.0,7.0,4.0,54.0,30.285714285714285,28.5,0.43388373911755823,-0.900968867902419,2020-04-23,92,94.0
94.0,11.0,34.0,44.0,27.0,28.0,24.0,44.0,43.0,24.0,30.0,25.0,7.0,4.0,37.42857142857143,31.357142857142858,-0.433883739117558,-0.9009688679024191,2020-04-24,93,104.0
104.0,94.0,11.0,34.0,44.0,27.0,28.0,24.0,44.0,43.0,24.0,30.0,25.0,7.0,48.857142857142854,38.5,-0.9749279121818236,-0.2225209339563146,2020-04-25,94,59.0
59.0,104.0,94.0,11.0,34.0,44.0,27.0,28.0,24.0,44.0,43.0,24.0,30.0,25.0,53.285714285714285,42.214285714285715,-0.7818314824680299,0.6234898018587334,2020-04-26,95,84.0
84.0,59.0,104.0,94.0,11.0,34.0,44.0,27.0,28.0,24.0,44.0,43.0,24.0,30.0,61.42857142857143,46.42857142857143,0.0,1.0,2020-04-27,96,64.0
64.0,84.0,59.0,104.0,94.0,11.0,34.0,44.0,27.0,28.0,24.0,44.0,43.0,24.0,64.28571428571429,48.857142857142854,0.7818314824680298,0.6234898018587336,2020-04-28,97,39.0
39.0,64.0,84.0,59.0,104.0,94.0,11.0,34.0,44.0,27.0,28.0,24.0,44.0,43.0,65.0,49.92857142857143,0.9749279121818236,-0.22252093395631434,2020-04-29,98,57.0
57.0,39.0,64.0,84.0,59.0,104.0,94.0,11.0,34.0,44.0,27.0,28.0,24.0,44.0,71.57142857142857,50.92857142857143,0.43388373911755823,-0.900968867902419,2020-04-30,99,57.0
57.0,57.0,39.0,64.0,84.0,59.0,104.0,94.0,11.0,34.0,44.0,27.0,28.0,24.0,66.28571428571429,51.857142857142854,-0.433883739117558,-0.9009688679024191,2020-05-01,100,62.0
62.0,57.0,57.0,39.0,64.0,84.0,59.0,104.0,94.0,11.0,34.0,44.0,27.0,28.0,60.285714285714285,54.57142857142857,-0.9749279121818236,-0.2225209339563146,2020-05-02,101,241.0
241.0,62.0,57.0,57.0,39.0,64.0,84.0,59.0,104.0,94.0,11.0,34.0,44.0,27.0,86.28571428571429,69.78571428571429,-0.7818314824680299,0.6234898018587334,2020-05-03,102,124.0
124.0,241.0,62.0,57.0,57.0,39.0,64.0,84.0,59.0,104.0,94.0,11.0,34.0,44.0,92.0,76.71428571428571,0.0,1.0,2020-05-04,103,87.0
87.0,124.0,241.0,62.0,57.0,57.0,39.0,64.0,84.0,59.0,104.0,94.0,11.0,34.0,95.28571428571429,79.78571428571429,0.7818314824680298,0.6234898018587336,2020-05-05,104,121.0
121.0,87.0,124.0,241.0,62.0,57.0,57.0,39.0,64.0,84.0,59.0,104.0,94.0,11.0,107.0,86.0,0.9749279121818236,-0.22252093395631434,2020-05-06,105,84.0
84.0,121.0,87.0,124.0,241.0,62.0,57.0,57.0,39.0,64.0,84.0,59.0,104.0,94.0,110.85714285714286,91.21428571428571,0.43388373911755823,-0.900968867902419,2020-05-07,106,195.0
195.0,84.0,121.0,87.0,124.0,241.0,62.0,57.0,57.0,39.0,64.0,84.0,59.0,104.0,130.57142857142858,98.42857142857143,-0.433883739117558,-0.9009688679024191,2020-05-08,107,185.0
185.0,195.0,84.0,121.0,87.0,124.0,241.0,62.0,57.0,57.0,39.0,64.0,84.0,59.0,148.14285714285714,104.21428571428571,-0.9749279121818236,-0.2225209339563146,2020-05-09,108,171.0
171.0,185.0,195.0,84.0,121.0,87.0,124.0,241.0,62.0,57.0,57.0,39.0,64.0,84.0,138.14285714285714,112.21428571428571,-0.7818314824680299,0.6234898018587334,2020-05-10,109,119.0
119.0,171.0,185.0,195.0,84.0,121.0,87.0,124.0,241.0,62.0,57.0,57.0,39.0,64.0,137.42857142857142,114.71428571428571,0.0,1.0,2020-05-11,110,275.0
275.0,119.0,171.0,185.0,195.0,84.0,121.0,87.0,124.0,241.0,62.0,57.0,57.0,39.0,164.28571428571428,129.78571428571428,0.7818314824680298,0.6234898018587336,2020-05-12,111,133.0
133.0,275.0,119.0,171.0,185.0,195.0,84.0,121.0,87.0,124.0,241.0,62.0,57.0,57.0,166.0,136.5,0.9749279121818236,-0.22252093395631434,2020-05-13,112,184.0
184.0,133.0,275.0,119.0,171.0,185.0,195.0,84.0,121.0,87.0,124.0,241.0,62.0,57.0,180.28571428571428,145.57142857142858,0.43388373911755823,-0.900968867902419,2020-05-14,113,224.0
224.0,184.0,133.0,275.0,119.0,171.0,185.0,195.0,84.0,121.0,87.0,124.0,241.0,62.0,184.42857142857142,157.5,-0.433883739117558,-0.9009688679024191,2020-05-15,114,205.0
205.0,224.0,184.0,133.0,275.0,119.0,171.0,185.0,195.0,84.0,121.0,87.0,124.0,241.0,187.28571428571428,167.71428571428572,-0.9749279121818236,-0.2225209339563146,2020-05-16,115,249.0
249.0,205.0,224.0,184.0,133.0,275.0,119.0,171.0,185.0,195.0,84.0,121.0,87.0,124.0,198.42857142857142,168.28571428571428,-0.7818314824680299,0.6234898018587334,2020-05-17,116,262.0
262.0,249.0,205.0,224.0,184.0,133.0,275.0,119.0,171.0,185.0,195.0,84.0,121.0,87.0,218.85714285714286,178.14285714285714,0.0,1.0,2020-05-18,117,175.0
175.0,262.0,249.0,205.0,224.0,184.0,133.0,275.0,119.0,171.0,185.0,195.0,84.0,121.0,204.57142857142858,184.42857142857142,0.7818314824680298,0.6234898018587336,2020-05-19,118,218.0
218.0,175.0,262.0,249.0,205.0,224.0,184.0,133.0,275.0,119.0,171.0,185.0,195.0,84.0,216.71428571428572,191.35714285714286,0.9749279121818236,-0.22252093395631434,2020-05-20,119,438.0
438.0,218.0,175.0,262.0,249.0,205.0,224.0,184.0,133.0,275.0,119.0,171.0,185.0,195.0,253.0,216.64285714285714,0.43388373911755823,-0.900968867902419,2020-05-21,120,268.0
268.0,438.0,218.0,175.0,262.0,249.0,205.0,224.0,184.0,133.0,275.0,119.0,171.0,185.0,259.2857142857143,221.85714285714286,-0.433883739117558,-0.9009688679024191,2020-05-22,121,392.0
392.0,268.0,438.0,218.0,175.0,262.0,249.0,205.0,224.0,184.0,133.0,275.0,119.0,171.0,286.0,236.64285714285714,-0.9749279121818236,-0.2225209339563146,2020-05-23,122,336.0
336.0,392.0,268.0,438.0,218.0,175.0,262.0,249.0,205.0,224.0,184.0,133.0,275.0,119.0,298.42857142857144,248.42857142857142,-0.7818314824680299,0.6234898018587334,2020-05-24,123,348.0
348.0,336.0,392.0,268.0,438.0,218.0,175.0,262.0,249.0,205.0,224.0,184.0,133.0,275.0,310.7142857142857,264.7857142857143,0.0,1.0,2020-05-25,124,397.0
397.0,348.0,336.0,392.0,268.0,438.0,218.0,175.0,262.0,249.0,205.0,224.0,184.0,133.0,342.42857142857144,273.5,0.7818314824680298,0.6234898018587336,2020-05-26,125,476.0
476.0,397.0,348.0,336.0,392.0,268.0,438.0,218.0,175.0,262.0,249.0,205.0,224.0,184.0,379.2857142857143,298.0,0.9749279121818236,-0.22252093395631434,2020-05-27,126,632.0
632.0,476.0,397.0,348.0,336.0,392.0,268.0,438.0,218.0,175.0,262.0,249.0,205.0,224.0,407.0,330.0,0.43388373911755823,-0.900968867902419,2020-05-28,127,619.0
619.0,632.0,476.0,397.0,348.0,336.0,392.0,268.0,438.0,218.0,175.0,262.0,249.0,205.0,457.14285714285717,358.2142857142857,-0.433883739117558,-0.9009688679024191,2020-05-29,128,344.0
344.0,619.0,632.0,476.0,397.0,348.0,336.0,392.0,268.0,438.0,218.0,175.0,262.0,249.0,450.2857142857143,368.14285714285717,-0.9749279121818236,-0.2225209339563146,2020-05-30,129,861.0
861.0,344.0,619.0,632.0,476.0,397.0,348.0,336.0,392.0,268.0,438.0,218.0,175.0,262.0,525.2857142857143,411.85714285714283,-0.7818314824680299,0.6234898018587334,2020-05-31,130,390.0
390.0,861.0,344.0,619.0,632.0,476.0,397.0,348.0,336.0,392.0,268.0,438.0,218.0,175.0,531.2857142857143,421.0,0.0,1.0,2020-06-01,131,549.0
549.0,390.0,861.0,344.0,619.0,632.0,476.0,397.0,348.0,336.0,392.0,268.0,438.0,218.0,553.0,447.7142857142857,0.7818314824680298,0.6234898018587336,2020-06-02,132,460.0
460.0,549.0,390.0,861.0,344.0,619.0,632.0,476.0,397.0,348.0,336.0,392.0,268.0,438.0,550.7142857142857,465.0,0.9749279121818236,-0.22252093395631434,2020-06-03,133,647.0
647.0,460.0,549.0,390.0,861.0,344.0,619.0,632.0,476.0,397.0,348.0,336.0,392.0,268.0,552.8571428571429,479.92857142857144,0.43388373911755823,-0.900968867902419,2020-06-04,134,607.0
607.0,647.0,460.0,549.0,390.0,861.0,344.0,619.0,632.0,476.0,397.0,348.0,336.0,392.0,551.1428571428571,504.14285714285717,-0.433883739117558,-0.9009688679024191,2020-06-05,135,483.0
483.0,607.0,647.0,460.0,549.0,390.0,861.0,344.0,619.0,632.0,476.0,397.0,348.0,336.0,571.0,510.64285714285717,-0.9749279121818236,-0.2225209339563146,2020-06-06,136,630.0
630.0,483.0,607.0,647.0,460.0,549.0,390.0,861.0,344.0,619.0,632.0,476.0,397.0,348.0,538.0,531.6428571428571,-0.7818314824680299,0.6234898018587334,2020-06-07,137,285.0
285.0,630.0,483.0,607.0,647.0,460.0,549.0,390.0,861.0,344.0,619.0,632.0,476.0,397.0,523.0,527.1428571428571,0.0,1.0,2020-06-08,138,306.0
306.0,285.0,630.0,483.0,607.0,647.0,460.0,549.0,390.0,861.0,344.0,619.0,632.0,476.0,488.2857142857143,520.6428571428571,0.7818314824680298,0.6234898018587336,2020-06-09,139,695.0
695.0,306.0,285.0,630.0,483.0,607.0,647.0,460.0,549.0,390.0,861.0,344.0,619.0,632.0,521.8571428571429,536.2857142857143,0.9749279121818236,-0.22252093395631434,2020-06-10,140,637.0
637.0,695.0,306.0,285.0,630.0,483.0,607.0,647.0,460.0,549.0,390.0,861.0,344.0,619.0,520.4285714285714,536.6428571428571,0.43388373911755823,-0.900968867902419,2020-06-11,141,884.0
884.0,637.0,695.0,306.0,285.0,630.0,483.0,607.0,647.0,460.0,549.0,390.0,861.0,344.0,560.0,555.5714285714286,-0.433883739117558,-0.9009688679024191,2020-06-12,142,764.0
764.0,884.0,637.0,695.0,306.0,285.0,630.0,483.0,607.0,647.0,460.0,549.0,390.0,861.0,600.1428571428571,585.5714285714286,-0.9749279121818236,-0.2225209339563146,2020-06-13,143,913.0
913.0,764.0,884.0,637.0,695.0,306.0,285.0,630.0,483.0,607.0,647.0,460.0,549.0,390.0,640.5714285714286,589.2857142857143,-0.7818314824680299,0.6234898018587334,2020-06-14,144,617.0
617.0,913.0,764.0,884.0,637.0,695.0,306.0,285.0,630.0,483.0,607.0,647.0,460.0,549.0,688.0,605.5,0.0,1.0,2020-06-15,145,614.0
614.0,617.0,913.0,764.0,884.0,637.0,695.0,306.0,285.0,630.0,483.0,607.0,647.0,460.0,732.0,610.1428571428571,0.7818314824680298,0.6234898018587336,2020-06-16,146,810.0
810.0,614.0,617.0,913.0,764.0,884.0,637.0,695.0,306.0,285.0,630.0,483.0,607.0,647.0,748.4285714285714,635.1428571428571,0.9749279121818236,-0.22252093395631434,2020-06-17,147,802.0
802.0,810.0,614.0,617.0,913.0,764.0,884.0,637.0,695.0,306.0,285.0,630.0,483.0,607.0,772.0,646.2142857142857,0.43388373911755823,-0.900968867902419,2020-06-18,148,814.0
814.0,802.0,810.0,614.0,617.0,913.0,764.0,884.0,637.0,695.0,306.0,285.0,630.0,483.0,762.0,661.0,-0.433883739117558,-0.9009688679024191,2020-06-19,149,977.0
977.0,814.0,802.0,810.0,614.0,617.0,913.0,764.0,884.0,637.0,695.0,306.0,285.0,630.0,792.4285714285714,696.2857142857143,-0.9749279121818236,-0.2225209339563146,2020-06-20,150,1036.0
1036.0,977.0,814.0,802.0,810.0,614.0,617.0,913.0,764.0,884.0,637.0,695.0,306.0,285.0,810.0,725.2857142857143,-0.7818314824680299,0.6234898018587334,2020-06-21,151,876.0
876.0,1036.0,977.0,814.0,802.0,810.0,614.0,617.0,913.0,764.0,884.0,637.0,695.0,306.0,847.0,767.5,0.0,1.0,2020-06-22,152,1105.0
1105.0,876.0,1036.0,977.0,814.0,802.0,810.0,614.0,617.0,913.0,764.0,884.0,637.0,695.0,917.1428571428571,824.5714285714286,0.7818314824680298,0.6234898018587336,2020-06-23,153,896.0
896.0,1105.0,876.0,1036.0,977.0,814.0,802.0,810.0,614.0,617.0,913.0,764.0,884.0,637.0,929.4285714285714,838.9285714285714,0.9749279121818236,-0.22252093395631434,2020-06-24,154,1098.0
1098.0,896.0,1105.0,876.0,1036.0,977.0,814.0,802.0,810.0,614.0,617.0,913.0,764.0,884.0,971.7142857142857,871.8571428571429,0.43388373911755823,-0.900968867902419,2020-06-25,155,1016.0
1016.0,1098.0,896.0,1105.0,876.0,1036.0,977.0,814.0,802.0,810.0,614.0,617.0,913.0,764.0,1000.5714285714286,881.2857142857143,-0.433883739117558,-0.9009688679024191,2020-06-26,156,920.0
920.0,1016.0,1098.0,896.0,1105.0,876.0,1036.0,977.0,814.0,802.0,810.0,614.0,617.0,913.0,992.4285714285714,892.4285714285714,-0.9749279121818236,-0.2225209339563146,2020-06-27,157,1253.0
1253.0,920.0,1016.0,1098.0,896.0,1105.0,876.0,1036.0,977.0,814.0,802.0,810.0,614.0,617.0,1023.4285714285714,916.7142857142857,-0.7818314824680299,0.6234898018587334,2020-06-28,158,848.0
848.0,1253.0,920.0,1016.0,1098.0,896.0,1105.0,876.0,1036.0,977.0,814.0,802.0,810.0,614.0,1019.4285714285714,933.2142857142857,0.0,1.0,2020-06-29,159,601.0
601.0,848.0,1253.0,920.0,1016.0,1098.0,896.0,1105.0,876.0,1036.0,977.0,814.0,802.0,810.0,947.4285714285714,932.2857142857143,0.7818314824680298,0.6234898018587336,2020-06-30,160,1094.0
1094.0,601.0,848.0,1253.0,920.0,1016.0,1098.0,896.0,1105.0,876.0,1036.0,977.0,814.0,802.0,975.7142857142857,952.5714285714286,0.9749279121818236,-0.22252093395631434,2020-07-01,161,1008.0
1008.0,1094.0,601.0,848.0,1253.0,920.0,1016.0,1098.0,896.0,1105.0,876.0,1036.0,977.0,814.0,962.8571428571429,967.2857142857143,0.43388373911755823,-0.900968867902419,2020-07-02,162,1301.0
1301.0,1008.0,1094.0,601.0,848.0,1253.0,920.0,1016.0,1098.0,896.0,1105.0,876.0,1036.0,977.0,1003.5714285714286,1002.0714285714286,-0.433883739117558,-0.9009688679024191,2020-07-03,163,1290.0
1290.0,1301.0,1008.0,1094.0,601.0,848.0,1253.0,920.0,1016.0,1098.0,896.0,1105.0,876.0,1036.0,1056.4285714285713,1024.4285714285713,-0.9749279121818236,-0.2225209339563146,2020-07-04,164,1253.0
1253.0,1290.0,1301.0,1008.0,1094.0,601.0,848.0,1253.0,920.0,1016.0,1098.0,896.0,1105.0,876.0,1056.4285714285713,1039.9285714285713,-0.7818314824680299,0.6234898018587334,2020-07-05,165,1226.0
1226.0,1253.0,1290.0,1301.0,1008.0,1094.0,601.0,848.0,1253.0,920.0,1016.0,1098.0,896.0,1105.0,1110.4285714285713,1064.9285714285713,0.0,1.0,2020-07-06,166,1212.0
1212.0,1226.0,1253.0,1290.0,1301.0,1008.0,1094.0,601.0,848.0,1253.0,920.0,1016.0,1098.0,896.0,1197.7142857142858,1072.5714285714287,0.7818314824680298,0.6234898018587336,2020-07-07,167,1036.0
1036.0,1212.0,1226.0,1253.0,1290.0,1301.0,1008.0,1094.0,601.0,848.0,1253.0,920.0,1016.0,1098.0,1189.4285714285713,1082.5714285714287,0.9749279121818236,-0.22252093395631434,2020-07-08,168,1439.0
1439.0,1036.0,1212.0,1226.0,1253.0,1290.0,1301.0,1008.0,1094.0,601.0,848.0,1253.0,920.0,1016.0,1251.0,1106.9285714285713,0.43388373911755823,-0.900968867902419,2020-07-09,169,1129.0
1129.0,1439.0,1036.0,1212.0,1226.0,1253.0,1290.0,1301.0,1008.0,1094.0,601.0,848.0,1253.0,920.0,1226.4285714285713,1115.0,-0.433883739117558,-0.9009688679024191,2020-07-10,170,1452.0
1452.0,1129.0,1439.0,1036.0,1212.0,1226.0,1253.0,1290.0,1301.0,1008.0,1094.0,601.0,848.0,1253.0,1249.5714285714287,1153.0,-0.9749279121818236,-0.2225209339563146,2020-07-11,171,1635.0
1635.0,1452.0,1129.0,1439.0,1036.0,1212.0,1226.0,1253.0,1290.0,1301.0,1008.0,1094.0,601.0,848.0,1304.142857142857,1180.2857142857142,-0.7818314824680299,0.6234898018587334,2020-07-12,172,987.0
987.0,1635.0,1452.0,1129.0,1439.0,1036.0,1212.0,1226.0,1253.0,1290.0,1301.0,1008.0,1094.0,601.0,1270.0,1190.2142857142858,0.0,1.0,2020-07-13,173,1063.0
1063.0,987.0,1635.0,1452.0,1129.0,1439.0,1036.0,1212.0,1226.0,1253.0,1290.0,1301.0,1008.0,1094.0,1248.7142857142858,1223.2142857142858,0.7818314824680298,0.6234898018587336,2020-07-14,174,1617.0
1617.0,1063.0,987.0,1635.0,1452.0,1129.0,1439.0,1036.0,1212.0,1226.0,1253.0,1290.0,1301.0,1008.0,1331.7142857142858,1260.5714285714287,0.9749279121818236,-0.22252093395631434,2020-07-15,175,1351.0
1351.0,1617.0,1063.0,987.0,1635.0,1452.0,1129.0,1439.0,1036.0,1212.0,1226.0,1253.0,1290.0,1301.0,1319.142857142857,1285.0714285714287,0.43388373911755823,-0.900968867902419,2020-07-16,176,1938.0
1938.0,1351.0,1617.0,1063.0,987.0,1635.0,1452.0,1129.0,1439.0,1036.0,1212.0,1226.0,1253.0,1290.0,1434.7142857142858,1330.5714285714287,-0.433883739117558,-0.9009688679024191,2020-07-17,177,1946.0
1946.0,1938.0,1351.0,1617.0,1063.0,987.0,1635.0,1452.0,1129.0,1439.0,1036.0,1212.0,1226.0,1253.0,1505.2857142857142,1377.4285714285713,-0.9749279121818236,-0.2225209339563146,2020-07-18,178,2036.0
2036.0,1946.0,1938.0,1351.0,1617.0,1063.0,987.0,1635.0,1452.0,1129.0,1439.0,1036.0,1212.0,1226.0,1562.5714285714287,1433.357142857143,-0.7818314824680299,0.6234898018587334,2020-07-19,179,1444.0
1444.0,2036.0,1946.0,1938.0,1351.0,1617.0,1063.0,987.0,1635.0,1452.0,1129.0,1439.0,1036.0,1212.0,1627.857142857143,1448.9285714285713,0.0,1.0,2020-07-20,180,1409.0
1409.0,1444.0,2036.0,1946.0,1938.0,1351.0,1617.0,1063.0,987.0,1635.0,1452.0,1129.0,1439.0,1036.0,1677.2857142857142,1463.0,0.7818314824680298,0.6234898018587336,2020-07-21,181,1366.0
1366.0,1409.0,1444.0,2036.0,1946.0,1938.0,1351.0,1617.0,1063.0,987.0,1635.0,1452.0,1129.0,1439.0,1641.4285714285713,1486.5714285714287,0.9749279121818236,-0.22252093395631434,2020-07-22,182,1778.0
1778.0,1366.0,1409.0,1444.0,2036.0,1946.0,1938.0,1351.0,1617.0,1063.0,987.0,1635.0,1452.0,1129.0,1702.4285714285713,1510.7857142857142,0.43388373911755823,-0.900968867902419,2020-07-23,183,1117.0
1117.0,1778.0,1366.0,1409.0,1444.0,2036.0,1946.0,1938.0,1351.0,1617.0,1063.0,987.0,1635.0,1452.0,1585.142857142857,1509.9285714285713,-0.433883739117558,-0.9009688679024191,2020-07-24,184,1204.0
1204.0,1117.0,1778.0,1366.0,1409.0,1444.0,2036.0,1946.0,1938.0,1351.0,1617.0,1063.0,987.0,1635.0,1479.142857142857,1492.2142857142858,-0.9749279121818236,-0.2225209339563146,2020-07-25,185,1825.0
1825.0,1204.0,1117.0,1778.0,1366.0,1409.0,1444.0,2036.0,1946.0,1938.0,1351.0,1617.0,1063.0,987.0,1449.0,1505.7857142857142,-0.7818314824680299,0.6234898018587334,2020-07-26,186,1148.0
1148.0,1825.0,1204.0,1117.0,1778.0,1366.0,1409.0,1444.0,2036.0,1946.0,1938.0,1351.0,1617.0,1063.0,1406.7142857142858,1517.2857142857142,0.0,1.0,2020-07-27,187,1752.0
1752.0,1148.0,1825.0,1204.0,1117.0,1778.0,1366.0,1409.0,1444.0,2036.0,1946.0,1938.0,1351.0,1617.0,1455.7142857142858,1566.5,0.7818314824680298,0.6234898018587336,2020-07-28,188,1146.0
1146.0,1752.0,1148.0,1825.0,1204.0,1117.0,1778.0,1366.0,1409.0,1444.0,2036.0,1946.0,1938.0,1351.0,1424.2857142857142,1532.857142857143,0.9749279121818236,-0.22252093395631434,2020-07-29,189,1207.0
1207.0,1146.0,1752.0,1148.0,1825.0,1204.0,1117.0,1778.0,1366.0,1409.0,1444.0,2036.0,1946.0,1938.0,1342.7142857142858,1522.5714285714287,0.43388373911755823,-0.900968867902419,2020-07-30,190,1700.0
1700.0,1207.0,1146.0,1752.0,1148.0,1825.0,1204.0,1117.0,1778.0,1366.0,1409.0,1444.0,2036.0,1946.0,1426.0,1505.5714285714287,-0.433883739117558,-0.9009688679024191,2020-07-31,191,1555.0
1555.0,1700.0,1207.0,1146.0,1752.0,1148.0,1825.0,1204.0,1117.0,1778.0,1366.0,1409.0,1444.0,2036.0,1476.142857142857,1477.642857142857,-0.9749279121818236,-0.2225209339563146,2020-08-01,192,2004.0
2004.0,1555.0,1700.0,1207.0,1146.0,1752.0,1148.0,1825.0,1204.0,1117.0,1778.0,1366.0,1409.0,1444.0,1501.7142857142858,1475.357142857143,-0.7818314824680299,0.6234898018587334,2020-08-02,193,1360.0
1360.0,2004.0,1555.0,1700.0,1207.0,1146.0,1752.0,1148.0,1825.0,1204.0,1117.0,1778.0,1366.0,1409.0,1532.0,1469.357142857143,0.0,1.0,2020-08-03,194,1693.0
1693.0,1360.0,2004.0,1555.0,1700.0,1207.0,1146.0,1752.0,1148.0,1825.0,1204.0,1117.0,1778.0,1366.0,1523.5714285714287,1489.642857142857,0.7818314824680298,0.6234898018587336,2020-08-04,195,1515.0
1515.0,1693.0,1360.0,2004.0,1555.0,1700.0,1207.0,1146.0,1752.0,1148.0,1825.0,1204.0,1117.0,1778.0,1576.2857142857142,1500.2857142857142,0.9749279121818236,-0.22252093395631434,2020-08-05,196,1780.0
1780.0,1515.0,1693.0,1360.0,2004.0,1555.0,1700.0,1207.0,1146.0,1752.0,1148.0,1825.0,1204.0,1117.0,1658.142857142857,1500.4285714285713,0.43388373911755823,-0.900968867902419,2020-08-06,197,1282.0
1282.0,1780.0,1515.0,1693.0,1360.0,2004.0,1555.0,1700.0,1207.0,1146.0,1752.0,1148.0,1825.0,1204.0,1598.4285714285713,1512.2142857142858,-0.433883739117558,-0.9009688679024191,2020-08-07,198,1468.0
1468.0,1282.0,1780.0,1515.0,1693.0,1360.0,2004.0,1555.0,1700.0,1207.0,1146.0,1752.0,1148.0,1825.0,1586.0,1531.0714285714287,-0.9749279121818236,-0.2225209339563146,2020-08-08,199,1164.0
1164.0,1468.0,1282.0,1780.0,1515.0,1693.0,1360.0,2004.0,1555.0,1700.0,1207.0,1146.0,1752.0,1148.0,1466.0,1483.857142857143,-0.7818314824680299,0.6234898018587334,2020-08-09,200,944.0
944.0,1164.0,1468.0,1282.0,1780.0,1515.0,1693.0,1360.0,2004.0,1555.0,1700.0,1207.0,1146.0,1752.0,1406.5714285714287,1469.2857142857142,0.0,1.0,2020-08-10,201,1636.0
1636.0,944.0,1164.0,1468.0,1282.0,1780.0,1515.0,1693.0,1360.0,2004.0,1555.0,1700.0,1207.0,1146.0,1398.4285714285713,1461.0,0.7818314824680298,0.6234898018587336,2020-08-11,202,1693.0
1693.0,1636.0,944.0,1164.0,1468.0,1282.0,1780.0,1515.0,1693.0,1360.0,2004.0,1555.0,1700.0,1207.0,1423.857142857143,1500.0714285714287,0.9749279121818236,-0.22252093395631434,2020-08-12,203,1743.0
1743.0,1693.0,1636.0,944.0,1164.0,1468.0,1282.0,1780.0,1515.0,1693.0,1360.0,2004.0,1555.0,1700.0,1418.5714285714287,1538.357142857143,0.43388373911755823,-0.900968867902419,2020-08-13,204,1388.0
1388.0,1743.0,1693.0,1636.0,944.0,1164.0,1468.0,1282.0,1780.0,1515.0,1693.0,1360.0,2004.0,1555.0,1433.7142857142858,1516.0714285714287,-0.433883739117558,-0.9009688679024191,2020-08-14,205,1491.0
1491.0,1388.0,1743.0,1693.0,1636.0,944.0,1164.0,1468.0,1282.0,1780.0,1515.0,1693.0,1360.0,2004.0,1437.0,1511.5,-0.9749279121818236,-0.2225209339563146,2020-08-15,206,1196.0
1196.0,1491.0,1388.0,1743.0,1693.0,1636.0,944.0,1164.0,1468.0,1282.0,1780.0,1515.0,1693.0,1360.0,1441.5714285714287,1453.7857142857142,-0.7818314824680299,0.6234898018587334,2020-08-16,207,1198.0
1198.0,1196.0,1491.0,1388.0,1743.0,1693.0,1636.0,944.0,1164.0,1468.0,1282.0,1780.0,1515.0,1693.0,1477.857142857143,1442.2142857142858,0.0,1.0,2020-08-17,208,879.0
879.0,1198.0,1196.0,1491.0,1388.0,1743.0,1693.0,1636.0,944.0,1164.0,1468.0,1282.0,1780.0,1515.0,1369.7142857142858,1384.0714285714287,0.7818314824680298,0.6234898018587336,2020-08-18,209,1796.0
1796.0,879.0,1198.0,1196.0,1491.0,1388.0,1743.0,1693.0,1636.0,944.0,1164.0,1468.0,1282.0,1780.0,1384.4285714285713,1404.142857142857,0.9749279121818236,-0.22252093395631434,2020-08-19,210,2031.0
2031.0,1796.0,879.0,1198.0,1196.0,1491.0,1388.0,1743.0,1693.0,1636.0,944.0,1164.0,1468.0,1282.0,1425.5714285714287,1422.0714285714287,0.43388373911755823,-0.900968867902419,2020-08-20,211,1015.0
1015.0,2031.0,1796.0,879.0,1198.0,1196.0,1491.0,1388.0,1743.0,1693.0,1636.0,944.0,1164.0,1468.0,1372.2857142857142,1403.0,-0.433883739117558,-0.9009688679024191,2020-08-21,212,1370.0
1370.0,1015.0,2031.0,1796.0,879.0,1198.0,1196.0,1491.0,1388.0,1743.0,1693.0,1636.0,944.0,1164.0,1355.0,1396.0,-0.9749279121818236,-0.2225209339563146,2020-08-22,213,992.0
992.0,1370.0,1015.0,2031.0,1796.0,879.0,1198.0,1196.0,1491.0,1388.0,1743.0,1693.0,1636.0,944.0,1325.857142857143,1383.7142857142858,-0.7818314824680299,0.6234898018587334,2020-08-23,214,722.0
722.0,992.0,1370.0,1015.0,2031.0,1796.0,879.0,1198.0,1196.0,1491.0,1388.0,1743.0,1693.0,1636.0,1257.857142857143,1367.857142857143,0.0,1.0,2020-08-24,215,999.0
999.0,722.0,992.0,1370.0,1015.0,2031.0,1796.0,879.0,1198.0,1196.0,1491.0,1388.0,1743.0,1693.0,1275.0,1322.357142857143,0.7818314824680298,0.6234898018587336,2020-08-25,216,851.0
851.0,999.0,722.0,992.0,1370.0,1015.0,2031.0,1796.0,879.0,1198.0,1196.0,1491.0,1388.0,1743.0,1140.0,1262.2142857142858,0.9749279121818236,-0.22252093395631434,2020-08-26,217,1095.0
1095.0,851.0,999.0,722.0,992.0,1370.0,1015.0,2031.0,1796.0,879.0,1198.0,1196.0,1491.0,1388.0,1006.2857142857143,1215.9285714285713,0.43388373911755823,-0.900968867902419,2020-08-27,218,1035.0
1035.0,1095.0,851.0,999.0,722.0,992.0,1370.0,1015.0,2031.0,1796.0,879.0,1198.0,1196.0,1491.0,1009.1428571428571,1190.7142857142858,-0.433883739117558,-0.9009688679024191,2020-08-28,219,1280.0
1280.0,1035.0,1095.0,851.0,999.0,722.0,992.0,1370.0,1015.0,2031.0,1796.0,879.0,1198.0,1196.0,996.2857142857143,1175.642857142857,-0.9749279121818236,-0.2225209339563146,2020-08-29,220,945.0
945.0,1280.0,1035.0,1095.0,851.0,999.0,722.0,992.0,1370.0,1015.0,2031.0,1796.0,879.0,1198.0,989.5714285714286,1157.7142857142858,-0.7818314824680299,0.6234898018587334,2020-08-30,221,614.0
614.0,945.0,1280.0,1035.0,1095.0,851.0,999.0,722.0,992.0,1370.0,1015.0,2031.0,1796.0,879.0,974.1428571428571,1116.0,0.0,1.0,2020-08-31,222,630.0
630.0,614.0,945.0,1280.0,1035.0,1095.0,851.0,999.0,722.0,992.0,1370.0,1015.0,2031.0,1796.0,921.4285714285714,1098.2142857142858,0.7818314824680298,0.6234898018587336,2020-09-01,223,669.0
669.0,630.0,614.0,945.0,1280.0,1035.0,1095.0,851.0,999.0,722.0,992.0,1370.0,1015.0,2031.0,895.4285714285714,1017.7142857142857,0.9749279121818236,-0.22252093395631434,2020-09-02,224,661.0
661.0,669.0,630.0,614.0,945.0,1280.0,1035.0,1095.0,851.0,999.0,722.0,992.0,1370.0,1015.0,833.4285714285714,919.8571428571429,0.43388373911755823,-0.900968867902419,2020-09-03,225,853.0
853.0,661.0,669.0,630.0,614.0,945.0,1280.0,1035.0,1095.0,851.0,999.0,722.0,992.0,1370.0,807.4285714285714,908.2857142857143,-0.433883739117558,-0.9009688679024191,2020-09-04,226,799.0
799.0,853.0,661.0,669.0,630.0,614.0,945.0,1280.0,1035.0,1095.0,851.0,999.0,722.0,992.0,738.7142857142857,867.5,-0.9749279121818236,-0.2225209339563146,2020-09-05,227,661.0
661.0,799.0,853.0,661.0,669.0,630.0,614.0,945.0,1280.0,1035.0,1095.0,851.0,999.0,722.0,698.1428571428571,843.8571428571429,-0.7818314824680299,0.6234898018587334,2020-09-06,228,528.0
528.0,661.0,799.0,853.0,661.0,669.0,630.0,614.0,945.0,1280.0,1035.0,1095.0,851.0,999.0,685.8571428571429,830.0,0.0,1.0,2020-09-07,229,835.0
835.0,528.0,661.0,799.0,853.0,661.0,669.0,630.0,614.0,945.0,1280.0,1035.0,1095.0,851.0,715.1428571428571,818.2857142857143,0.7818314824680298,0.6234898018587336,2020-09-08,230,704.0
704.0,835.0,528.0,661.0,799.0,853.0,661.0,669.0,630.0,614.0,945.0,1280.0,1035.0,1095.0,720.1428571428571,807.7857142857143,0.9749279121818236,-0.22252093395631434,2020-09-09,231,1037.0
1037.0,704.0,835.0,528.0,661.0,799.0,853.0,661.0,669.0,630.0,614.0,945.0,1280.0,1035.0,773.8571428571429,803.6428571428571,0.43388373911755823,-0.900968867902419,2020-09-10,232,860.0
860.0,1037.0,704.0,835.0,528.0,661.0,799.0,853.0,661.0,669.0,630.0,614.0,945.0,1280.0,774.8571428571429,791.1428571428571,-0.433883739117558,-0.9009688679024191,2020-09-11,233,967.0
967.0,860.0,1037.0,704.0,835.0,528.0,661.0,799.0,853.0,661.0,669.0,630.0,614.0,945.0,798.8571428571429,768.7857142857143,-0.9749279121818236,-0.2225209339563146,2020-09-12,234,810.0
810.0,967.0,860.0,1037.0,704.0,835.0,528.0,661.0,799.0,853.0,661.0,669.0,630.0,614.0,820.1428571428571,759.1428571428571,-0.7818314824680299,0.6234898018587334,2020-09-13,235,809.0
809.0,810.0,967.0,860.0,1037.0,704.0,835.0,528.0,661.0,799.0,853.0,661.0,669.0,630.0,860.2857142857143,773.0714285714286,0.0,1.0,2020-09-14,236,828.0
828.0,809.0,810.0,967.0,860.0,1037.0,704.0,835.0,528.0,661.0,799.0,853.0,661.0,669.0,859.2857142857143,787.2142857142857,0.7818314824680298,0.6234898018587336,2020-09-15,237,667.0
667.0,828.0,809.0,810.0,967.0,860.0,1037.0,704.0,835.0,528.0,661.0,799.0,853.0,661.0,854.0,787.0714285714286,0.9749279121818236,-0.22252093395631434,2020-09-16,238,586.0
586.0,667.0,828.0,809.0,810.0,967.0,860.0,1037.0,704.0,835.0,528.0,661.0,799.0,853.0,789.5714285714286,781.7142857142857,0.43388373911755823,-0.900968867902419,2020-09-17,239,547.0
547.0,586.0,667.0,828.0,809.0,810.0,967.0,860.0,1037.0,704.0,835.0,528.0,661.0,799.0,744.8571428571429,759.8571428571429,-0.433883739117558,-0.9009688679024191,2020-09-18,240,632.0
632.0,547.0,586.0,667.0,828.0,809.0,810.0,967.0,860.0,1037.0,704.0,835.0,528.0,661.0,697.0,747.9285714285714,-0.9749279121818236,-0.2225209339563146,2020-09-19,241,419.0
419.0,632.0,547.0,586.0,667.0,828.0,809.0,810.0,967.0,860.0,1037.0,704.0,835.0,528.0,641.1428571428571,730.6428571428571,-0.7818314824680299,0.6234898018587334,2020-09-20,242,206.0
206.0,419.0,632.0,547.0,586.0,667.0,828.0,809.0,810.0,967.0,860.0,1037.0,704.0,835.0,555.0,707.6428571428571,0.0,1.0,2020-09-21,243,310.0
310.0,206.0,419.0,632.0,547.0,586.0,667.0,828.0,809.0,810.0,967.0,860.0,1037.0,704.0,481.0,670.1428571428571,0.7818314824680298,0.6234898018587336,2020-09-22,244,467.0
467.0,310.0,206.0,419.0,632.0,547.0,586.0,667.0,828.0,809.0,810.0,967.0,860.0,1037.0,452.42857142857144,653.2142857142857,0.9749279121818236,-0.22252093395631434,2020-09-23,245,537.0
537.0,467.0,310.0,206.0,419.0,632.0,547.0,586.0,667.0,828.0,809.0,810.0,967.0,860.0,445.42857142857144,617.5,0.43388373911755823,-0.900968867902419,2020-09-24,246,628.0
628.0,537.0,467.0,310.0,206.0,419.0,632.0,547.0,586.0,667.0,828.0,809.0,810.0,967.0,457.0,600.9285714285714,-0.433883739117558,-0.9009688679024191,2020-09-25,247,604.0
604.0,628.0,537.0,467.0,310.0,206.0,419.0,632.0,547.0,586.0,667.0,828.0,809.0,810.0,453.0,575.0,-0.9749279121818236,-0.2225209339563146,2020-09-26,248,370.0
370.0,604.0,628.0,537.0,467.0,310.0,206.0,419.0,632.0,547.0,586.0,667.0,828.0,809.0,446.0,543.5714285714286,-0.7818314824680299,0.6234898018587334,2020-09-27,249,309.0
309.0,370.0,604.0,628.0,537.0,467.0,310.0,206.0,419.0,632.0,547.0,586.0,667.0,828.0,460.7142857142857,507.85714285714283,0.0,1.0,2020-09-28,250,322.0
322.0,309.0,370.0,604.0,628.0,537.0,467.0,310.0,206.0,419.0,632.0,547.0,586.0,667.0,462.42857142857144,471.7142857142857,0.7818314824680298,0.6234898018587336,2020-09-29,251,418.0
418.0,322.0,309.0,370.0,604.0,628.0,537.0,467.0,310.0,206.0,419.0,632.0,547.0,586.0,455.42857142857144,453.92857142857144,0.9749279121818236,-0.22252093395631434,2020-09-30,252,670.0
670.0,418.0,322.0,309.0,370.0,604.0,628.0,537.0,467.0,310.0,206.0,419.0,632.0,547.0,474.42857142857144,459.92857142857144,0.43388373911755823,-0.900968867902419,2020-10-01,253,405.0
405.0,670.0,418.0,322.0,309.0,370.0,604.0,628.0,537.0,467.0,310.0,206.0,419.0,632.0,442.57142857142856,449.7857142857143,-0.433883739117558,-0.9009688679024191,2020-10-02,254,503.0
503.0,405.0,670.0,418.0,322.0,309.0,370.0,604.0,628.0,537.0,467.0,310.0,206.0,419.0,428.14285714285717,440.57142857142856,-0.9749279121818236,-0.2225209339563146,2020-10-03,255,350.0
350.0,503.0,405.0,670.0,418.0,322.0,309.0,370.0,604.0,628.0,537.0,467.0,310.0,206.0,425.2857142857143,435.64285714285717,-0.7818314824680299,0.6234898018587334,2020-10-04,256,299.0
299.0,350.0,503.0,405.0,670.0,418.0,322.0,309.0,370.0,604.0,628.0,537.0,467.0,310.0,423.85714285714283,442.2857142857143,0.0,1.0,2020-10-05,257,239.0
239.0,299.0,350.0,503.0,405.0,670.0,418.0,322.0,309.0,370.0,604.0,628.0,537.0,467.0,412.0,437.2142857142857,0.7818314824680298,0.6234898018587336,2020-10-06,258,361.0
361.0,239.0,299.0,350.0,503.0,405.0,670.0,418.0,322.0,309.0,370.0,604.0,628.0,537.0,403.85714285714283,429.64285714285717,0.9749279121818236,-0.22252093395631434,2020-10-07,259,238.0
238.0,361.0,239.0,299.0,350.0,503.0,405.0,670.0,418.0,322.0,309.0,370.0,604.0,628.0,342.14285714285717,408.2857142857143,0.43388373911755823,-0.900968867902419,2020-10-08,260,263.0
263.0,238.0,361.0,239.0,299.0,350.0,503.0,405.0,670.0,418.0,322.0,309.0,370.0,604.0,321.85714285714283,382.2142857142857,-0.433883739117558,-0.9009688679024191,2020-10-09,261,257.0
257.0,263.0,238.0,361.0,239.0,299.0,350.0,503.0,405.0,670.0,418.0,322.0,309.0,370.0,286.7142857142857,357.42857142857144,-0.9749279121818236,-0.2225209339563146,2020-10-10,262,237.0
237.0,257.0,263.0,238.0,361.0,239.0,299.0,350.0,503.0,405.0,670.0,418.0,322.0,309.0,270.57142857142856,347.92857142857144,-0.7818314824680299,0.6234898018587334,2020-10-11,263,111.0
111.0,237.0,257.0,263.0,238.0,361.0,239.0,299.0,350.0,503.0,405.0,670.0,418.0,322.0,243.71428571428572,333.7857142857143,0.0,1.0,2020-10-12,264,121.0
121.0,111.0,237.0,257.0,263.0,238.0,361.0,239.0,299.0,350.0,503.0,405.0,670.0,418.0,226.85714285714286,319.42857142857144,0.7818314824680298,0.6234898018587336,2020-10-13,265,227.0
227.0,121.0,111.0,237.0,257.0,263.0,238.0,361.0,239.0,299.0,350.0,503.0,405.0,670.0,207.71428571428572,305.7857142857143,0.9749279121818236,-0.22252093395631434,2020-10-14,266,219.0
219.0,227.0,121.0,111.0,237.0,257.0,263.0,238.0,361.0,239.0,299.0,350.0,503.0,405.0,205.0,273.57142857142856,0.43388373911755823,-0.900968867902419,2020-10-15,267,178.0
178.0,219.0,227.0,121.0,111.0,237.0,257.0,263.0,238.0,361.0,239.0,299.0,350.0,503.0,192.85714285714286,257.35714285714283,-0.433883739117558,-0.9009688679024191,2020-10-16,268,243.0
243.0,178.0,219.0,227.0,121.0,111.0,237.0,257.0,263.0,238.0,361.0,239.0,299.0,350.0,190.85714285714286,238.78571428571428,-0.9749279121818236,-0.2225209339563146,2020-10-17,269,148.0
148.0,243.0,178.0,219.0,227.0,121.0,111.0,237.0,257.0,263.0,238.0,361.0,239.0,299.0,178.14285714285714,224.35714285714286,-0.7818314824680299,0.6234898018587334,2020-10-18,270,61.0
61.0,148.0,243.0,178.0,219.0,227.0,121.0,111.0,237.0,257.0,263.0,238.0,361.0,239.0,171.0,207.35714285714286,0.0,1.0,2020-10-19,271,119.0
119.0,61.0,148.0,243.0,178.0,219.0,227.0,121.0,111.0,237.0,257.0,263.0,238.0,361.0,170.71428571428572,198.78571428571428,0.7818314824680298,0.6234898018587336,2020-10-20,272,147.0
147.0,119.0,61.0,148.0,243.0,178.0,219.0,227.0,121.0,111.0,237.0,257.0,263.0,238.0,159.28571428571428,183.5,0.9749279121818236,-0.22252093395631434,2020-10-21,273,191.0
191.0,147.0,119.0,61.0,148.0,243.0,178.0,219.0,227.0,121.0,111.0,237.0,257.0,263.0,155.28571428571428,180.14285714285714,0.43388373911755823,-0.900968867902419,2020-10-22,274,217.0
217.0,191.0,147.0,119.0,61.0,148.0,243.0,178.0,219.0,227.0,121.0,111.0,237.0,257.0,160.85714285714286,176.85714285714286,-0.433883739117558,-0.9009688679024191,2020-10-23,275,167.0
167.0,217.0,191.0,147.0,119.0,61.0,148.0,243.0,178.0,219.0,227.0,121.0,111.0,237.0,150.0,170.42857142857142,-0.9749279121818236,-0.2225209339563146,2020-10-24,276,167.0
167.0,167.0,217.0,191.0,147.0,119.0,61.0,148.0,243.0,178.0,219.0,227.0,121.0,111.0,152.71428571428572,165.42857142857142,-0.7818314824680299,0.6234898018587334,2020-10-25,277,74.0
74.0,167.0,167.0,217.0,191.0,147.0,119.0,61.0,148.0,243.0,178.0,219.0,227.0,121.0,154.57142857142858,162.78571428571428,0.0,1.0,2020-10-26,278,99.0
99.0,74.0,167.0,167.0,217.0,191.0,147.0,119.0,61.0,148.0,243.0,178.0,219.0,227.0,151.71428571428572,161.21428571428572,0.7818314824680298,0.6234898018587336,2020-10-27,279,172.0
172.0,99.0,74.0,167.0,167.0,217.0,191.0,147.0,119.0,61.0,148.0,243.0,178.0,219.0,155.28571428571428,157.28571428571428,0.9749279121818236,-0.22252093395631434,2020-10-28,280,197.0
197.0,172.0,99.0,74.0,167.0,167.0,217.0,191.0,147.0,119.0,61.0,148.0,243.0,178.0,156.14285714285714,155.71428571428572,0.43388373911755823,-0.900968867902419,2020-10-29,281,163.0
163.0,197.0,172.0,99.0,74.0,167.0,167.0,217.0,191.0,147.0,119.0,61.0,148.0,243.0,148.42857142857142,154.64285714285714,-0.433883739117558,-0.9009688679024191,2020-10-30,282,147.0
147.0,163.0,197.0,172.0,99.0,74.0,167.0,167.0,217.0,191.0,147.0,119.0,61.0,148.0,145.57142857142858,147.78571428571428,-0.9749279121818236,-0.2225209339563146,2020-10-31,283,126.0
126.0,147.0,163.0,197.0,172.0,99.0,74.0,167.0,167.0,217.0,191.0,147.0,119.0,61.0,139.71428571428572,146.21428571428572,-0.7818314824680299,0.6234898018587334,2020-11-01,284,76.0
76.0,126.0,147.0,163.0,197.0,172.0,99.0,74.0,167.0,167.0,217.0,191.0,147.0,119.0,140.0,147.28571428571428,0.0,1.0,2020-11-02,285,34.0
34.0,76.0,126.0,147.0,163.0,197.0,172.0,99.0,74.0,167.0,167.0,217.0,191.0,147.0,130.71428571428572,141.21428571428572,0.7818314824680298,0.6234898018587336,2020-11-03,286,69.0
69.0,34.0,76.0,126.0,147.0,163.0,197.0,172.0,99.0,74.0,167.0,167.0,217.0,191.0,116.0,135.64285714285714,0.9749279121818236,-0.22252093395631434,2020-11-04,287,126.0
126.0,69.0,34.0,76.0,126.0,147.0,163.0,197.0,172.0,99.0,74.0,167.0,167.0,217.0,105.85714285714286,131.0,0.43388373911755823,-0.900968867902419,2020-11-05,288,139.0
139.0,126.0,69.0,34.0,76.0,126.0,147.0,163.0,197.0,172.0,99.0,74.0,167.0,167.0,102.42857142857143,125.42857142857143,-0.433883739117558,-0.9009688679024191,2020-11-06,289,142.0
142.0,139.0,126.0,69.0,34.0,76.0,126.0,147.0,163.0,197.0,172.0,99.0,74.0,167.0,101.71428571428571,123.64285714285714,-0.9749279121818236,-0.2225209339563146,2020-11-07,290,84.0
84.0,142.0,139.0,126.0,69.0,34.0,76.0,126.0,147.0,163.0,197.0,172.0,99.0,74.0,95.71428571428571,117.71428571428571,-0.7818314824680299,0.6234898018587334,2020-11-08,291,48.0
48.0,84.0,142.0,139.0,126.0,69.0,34.0,76.0,126.0,147.0,163.0,197.0,172.0,99.0,91.71428571428571,115.85714285714286,0.0,1.0,2020-11-09,292,86.0
86.0,48.0,84.0,142.0,139.0,126.0,69.0,34.0,76.0,126.0,147.0,163.0,197.0,172.0,99.14285714285714,114.92857142857143,0.7818314824680298,0.6234898018587336,2020-11-10,293,103.0
103.0,86.0,48.0,84.0,142.0,139.0,126.0,69.0,34.0,76.0,126.0,147.0,163.0,197.0,104.0,110.0,0.9749279121818236,-0.22252093395631434,2020-11-11,294,112.0
112.0,103.0,86.0,48.0,84.0,142.0,139.0,126.0,69.0,34.0,76.0,126.0,147.0,163.0,102.0,103.92857142857143,0.43388373911755823,-0.900968867902419,2020-11-12,295,113.0
113.0,112.0,103.0,86.0,48.0,84.0,142.0,139.0,126.0,69.0,34.0,76.0,126.0,147.0,98.28571428571429,100.35714285714286,-0.433883739117558,-0.9009688679024191,2020-11-13,296,180.0
180.0,113.0,112.0,103.0,86.0,48.0,84.0,142.0,139.0,126.0,69.0,34.0,76.0,126.0,103.71428571428571,102.71428571428571,-0.9749279121818236,-0.2225209339563146,2020-11-14,297,112.0
112.0,180.0,113.0,112.0,103.0,86.0,48.0,84.0,142.0,139.0,126.0,69.0,34.0,76.0,107.71428571428571,101.71428571428571,-0.7818314824680299,0.6234898018587334,2020-11-15,298,65.0
65.0,112.0,180.0,113.0,112.0,103.0,86.0,48.0,84.0,142.0,139.0,126.0,69.0,34.0,110.14285714285714,100.92857142857143,0.0,1.0,2020-11-16,299,125.0
125.0,65.0,112.0,180.0,113.0,112.0,103.0,86.0,48.0,84.0,142.0,139.0,126.0,69.0,115.71428571428571,107.42857142857143,0.7818314824680298,0.6234898018587336,2020-11-17,300,102.0
102.0,125.0,65.0,112.0,180.0,113.0,112.0,103.0,86.0,48.0,84.0,142.0,139.0,126.0,115.57142857142857,109.78571428571429,0.9749279121818236,-0.22252093395631434,2020-11-18,301,96.0
96.0,102.0,125.0,65.0,112.0,180.0,113.0,112.0,103.0,86.0,48.0,84.0,142.0,139.0,113.28571428571429,107.64285714285714,0.43388373911755823,-0.900968867902419,2020-11-19,302,187.0
187.0,96.0,102.0,125.0,65.0,112.0,180.0,113.0,112.0,103.0,86.0,48.0,84.0,142.0,123.85714285714286,111.07142857142857,-0.433883739117558,-0.9009688679024191,2020-11-20,303,98.0
98.0,187.0,96.0,102.0,125.0,65.0,112.0,180.0,113.0,112.0,103.0,86.0,48.0,84.0,112.14285714285714,107.92857142857143,-0.9749279121818236,-0.2225209339563146,2020-11-21,304,68.0
68.0,98.0,187.0,96.0,102.0,125.0,65.0,112.0,180.0,113.0,112.0,103.0,86.0,48.0,105.85714285714286,106.78571428571429,-0.7818314824680299,0.6234898018587334,2020-11-22,305,56.0
56.0,68.0,98.0,187.0,96.0,102.0,125.0,65.0,112.0,180.0,113.0,112.0,103.0,86.0,104.57142857142857,107.35714285714286,0.0,1.0,2020-11-23,306,56.0
56.0,56.0,68.0,98.0,187.0,96.0,102.0,125.0,65.0,112.0,180.0,113.0,112.0,103.0,94.71428571428571,105.21428571428571,0.7818314824680298,0.6234898018587336,2020-11-24,307,113.0
113.0,56.0,56.0,68.0,98.0,187.0,96.0,102.0,125.0,65.0,112.0,180.0,113.0,112.0,96.28571428571429,105.92857142857143,0.9749279121818236,-0.22252093395631434,2020-11-25,308,129.0
129.0,113.0,56.0,56.0,68.0,98.0,187.0,96.0,102.0,125.0,65.0,112.0,180.0,113.0,101.0,107.14285714285714,0.43388373911755823,-0.900968867902419,2020-11-26,309,114.0
114.0,129.0,113.0,56.0,56.0,68.0,98.0,187.0,96.0,102.0,125.0,65.0,112.0,180.0,90.57142857142857,107.21428571428571,-0.433883739117558,-0.9009688679024191,2020-11-27,310,104.0
104.0,114.0,129.0,113.0,56.0,56.0,68.0,98.0,187.0,96.0,102.0,125.0,65.0,112.0,91.42857142857143,101.78571428571429,-0.9749279121818236,-0.2225209339563146,2020-11-28,311,98.0
98.0,104.0,114.0,129.0,113.0,56.0,56.0,68.0,98.0,187.0,96.0,102.0,125.0,65.0,95.71428571428571,100.78571428571429,-0.7818314824680299,0.6234898018587334,2020-11-29,312,30.0
30.0,98.0,104.0,114.0,129.0,113.0,56.0,56.0,68.0,98.0,187.0,96.0,102.0,125.0,92.0,98.28571428571429,0.0,1.0,2020-11-30,313,86.0
86.0,30.0,98.0,104.0,114.0,129.0,113.0,56.0,56.0,68.0,98.0,187.0,96.0,102.0,96.28571428571429,95.5,0.7818314824680298,0.6234898018587336,2020-12-01,314,102.0
102.0,86.0,30.0,98.0,104.0,114.0,129.0,113.0,56.0,56.0,68.0,98.0,187.0,96.0,94.71428571428571,95.5,0.9749279121818236,-0.22252093395631434,2020-12-02,315,184.0
184.0,102.0,86.0,30.0,98.0,104.0,114.0,129.0,113.0,56.0,56.0,68.0,98.0,187.0,102.57142857142857,101.78571428571429,0.43388373911755823,-0.900968867902419,2020-12-03,316,192.0
192.0,184.0,102.0,86.0,30.0,98.0,104.0,114.0,129.0,113.0,56.0,56.0,68.0,98.0,113.71428571428571,102.14285714285714,-0.433883739117558,-0.9009688679024191,2020-12-04,317,139.0
139.0,192.0,184.0,102.0,86.0,30.0,98.0,104.0,114.0,129.0,113.0,56.0,56.0,68.0,118.71428571428571,105.07142857142857,-0.9749279121818236,-0.2225209339563146,2020-12-05,318,167.0
167.0,139.0,192.0,184.0,102.0,86.0,30.0,98.0,104.0,114.0,129.0,113.0,56.0,56.0,128.57142857142858,112.14285714285714,-0.7818314824680299,0.6234898018587334,2020-12-06,319,68.0
68.0,167.0,139.0,192.0,184.0,102.0,86.0,30.0,98.0,104.0,114.0,129.0,113.0,56.0,134.0,113.0,0.0,1.0,2020-12-07,320,97.0
97.0,68.0,167.0,139.0,192.0,184.0,102.0,86.0,30.0,98.0,104.0,114.0,129.0,113.0,135.57142857142858,115.92857142857143,0.7818314824680298,0.6234898018587336,2020-12-08,321,189.0
189.0,97.0,68.0,167.0,139.0,192.0,184.0,102.0,86.0,30.0,98.0,104.0,114.0,129.0,148.0,121.35714285714286,0.9749279121818236,-0.22252093395631434,2020-12-09,322,214.0
214.0,189.0,97.0,68.0,167.0,139.0,192.0,184.0,102.0,86.0,30.0,98.0,104.0,114.0,152.28571428571428,127.42857142857143,0.43388373911755823,-0.900968867902419,2020-12-10,323,325.0
325.0,214.0,189.0,97.0,68.0,167.0,139.0,192.0,184.0,102.0,86.0,30.0,98.0,104.0,171.28571428571428,142.5,-0.433883739117558,-0.9009688679024191,2020-12-11,324,312.0
312.0,325.0,214.0,189.0,97.0,68.0,167.0,139.0,192.0,184.0,102.0,86.0,30.0,98.0,196.0,157.35714285714286,-0.9749279121818236,-0.2225209339563146,2020-12-12,325,333.0
333.0,312.0,325.0,214.0,189.0,97.0,68.0,167.0,139.0,192.0,184.0,102.0,86.0,30.0,219.71428571428572,174.14285714285714,-0.7818314824680299,0.6234898018587334,2020-12-13,326,120.0
120.0,333.0,312.0,325.0,214.0,189.0,97.0,68.0,167.0,139.0,192.0,184.0,102.0,86.0,227.14285714285714,180.57142857142858,0.0,1.0,2020-12-14,327,195.0
195.0,120.0,333.0,312.0,325.0,214.0,189.0,97.0,68.0,167.0,139.0,192.0,184.0,102.0,241.14285714285714,188.35714285714286,0.7818314824680298,0.6234898018587336,2020-12-15,328,371.0
371.0,195.0,120.0,333.0,312.0,325.0,214.0,189.0,97.0,68.0,167.0,139.0,192.0,184.0,267.14285714285717,207.57142857142858,0.9749279121818236,-0.22252093395631434,2020-12-16,329,498.0
498.0,371.0,195.0,120.0,333.0,312.0,325.0,214.0,189.0,97.0,68.0,167.0,139.0,192.0,307.7142857142857,230.0,0.43388373911755823,-0.900968867902419,2020-12-17,330,451.0
451.0,498.0,371.0,195.0,120.0,333.0,312.0,325.0,214.0,189.0,97.0,68.0,167.0,139.0,325.7142857142857,248.5,-0.433883739117558,-0.9009688679024191,2020-12-18,331,484.0
484.0,451.0,498.0,371.0,195.0,120.0,333.0,312.0,325.0,214.0,189.0,97.0,68.0,167.0,350.2857142857143,273.14285714285717,-0.9749279121818236,-0.2225209339563146,2020-12-19,332,621.0
621.0,484.0,451.0,498.0,371.0,195.0,120.0,333.0,312.0,325.0,214.0,189.0,97.0,68.0,391.42857142857144,305.57142857142856,-0.7818314824680299,0.6234898018587334,2020-12-20,333,253.0
253.0,621.0,484.0,451.0,498.0,371.0,195.0,120.0,333.0,312.0,325.0,214.0,189.0,97.0,410.42857142857144,318.7857142857143,0.0,1.0,2020-12-21,334,362.0
362.0,253.0,621.0,484.0,451.0,498.0,371.0,195.0,120.0,333.0,312.0,325.0,214.0,189.0,434.2857142857143,337.7142857142857,0.7818314824680298,0.6234898018587336,2020-12-22,335,674.0
674.0,362.0,253.0,621.0,484.0,451.0,498.0,371.0,195.0,120.0,333.0,312.0,325.0,214.0,477.57142857142856,372.35714285714283,0.9749279121818236,-0.22252093395631434,2020-12-23,336,1005.0
1005.0,674.0,362.0,253.0,621.0,484.0,451.0,498.0,371.0,195.0,120.0,333.0,312.0,325.0,550.0,428.85714285714283,0.43388373911755823,-0.900968867902419,2020-12-24,337,1057.0
1057.0,1005.0,674.0,362.0,253.0,621.0,484.0,451.0,498.0,371.0,195.0,120.0,333.0,312.0,636.5714285714286,481.14285714285717,-0.433883739117558,-0.9009688679024191,2020-12-25,338,469.0
469.0,1057.0,1005.0,674.0,362.0,253.0,621.0,484.0,451.0,498.0,371.0,195.0,120.0,333.0,634.4285714285714,492.35714285714283,-0.9749279121818236,-0.2225209339563146,2020-12-26,339,759.0
759.0,469.0,1057.0,1005.0,674.0,362.0,253.0,621.0,484.0,451.0,498.0,371.0,195.0,120.0,654.1428571428571,522.7857142857143,-0.7818314824680299,0.6234898018587334,2020-12-27,340,494.0
494.0,759.0,469.0,1057.0,1005.0,674.0,362.0,253.0,621.0,484.0,451.0,498.0,371.0,195.0,688.5714285714286,549.5,0.0,1.0,2020-12-28,341,751.0
751.0,494.0,759.0,469.0,1057.0,1005.0,674.0,362.0,253.0,621.0,484.0,451.0,498.0,371.0,744.1428571428571,589.2142857142857,0.7818314824680298,0.6234898018587336,2020-12-29,342,1293.0
1293.0,751.0,494.0,759.0,469.0,1057.0,1005.0,674.0,362.0,253.0,621.0,484.0,451.0,498.0,832.5714285714286,655.0714285714286,0.9749279121818236,-0.22252093395631434,2020-12-30,343,1485.0
1485.0,1293.0,751.0,494.0,759.0,469.0,1057.0,1005.0,674.0,362.0,253.0,621.0,484.0,451.0,901.1428571428571,725.5714285714286,0.43388373911755823,-0.900968867902419,2020-12-31,344,1752.0
1752.0,1485.0,1293.0,751.0,494.0,759.0,469.0,1057.0,1005.0,674.0,362.0,253.0,621.0,484.0,1000.4285714285714,818.5,-0.433883739117558,-0.9009688679024191,2021-01-01,345,861.0
861.0,1752.0,1485.0,1293.0,751.0,494.0,759.0,469.0,1057.0,1005.0,674.0,362.0,253.0,621.0,1056.4285714285713,845.4285714285714,-0.9749279121818236,-0.2225209339563146,2021-01-02,346,1070.0
1070.0,861.0,1752.0,1485.0,1293.0,751.0,494.0,759.0,469.0,1057.0,1005.0,674.0,362.0,253.0,1100.857142857143,877.5,-0.7818314824680299,0.6234898018587334,2021-01-03,347,606.0
606.0,1070.0,861.0,1752.0,1485.0,1293.0,751.0,494.0,759.0,469.0,1057.0,1005.0,674.0,362.0,1116.857142857143,902.7142857142857,0.0,1.0,2021-01-04,348,1010.0
1010.0,606.0,1070.0,861.0,1752.0,1485.0,1293.0,751.0,494.0,759.0,469.0,1057.0,1005.0,674.0,1153.857142857143,949.0,0.7818314824680298,0.6234898018587336,2021-01-05,349,1597.0
1597.0,1010.0,606.0,1070.0,861.0,1752.0,1485.0,1293.0,751.0,494.0,759.0,469.0,1057.0,1005.0,1197.2857142857142,1014.9285714285714,0.9749279121818236,-0.22252093395631434,2021-01-06,350,1713.0
1713.0,1597.0,1010.0,606.0,1070.0,861.0,1752.0,1485.0,1293.0,751.0,494.0,759.0,469.0,1057.0,1229.857142857143,1065.5,0.43388373911755823,-0.900968867902419,2021-01-07,351,1910.0
1910.0,1713.0,1597.0,1010.0,606.0,1070.0,861.0,1752.0,1485.0,1293.0,751.0,494.0,759.0,469.0,1252.4285714285713,1126.4285714285713,-0.433883739117558,-0.9009688679024191,2021-01-08,352,2263.0
2263.0,1910.0,1713.0,1597.0,1010.0,606.0,1070.0,861.0,1752.0,1485.0,1293.0,751.0,494.0,759.0,1452.7142857142858,1254.5714285714287,-0.9749279121818236,-0.2225209339563146,2021-01-09,353,1644.0
1644.0,2263.0,1910.0,1713.0,1597.0,1010.0,606.0,1070.0,861.0,1752.0,1485.0,1293.0,751.0,494.0,1534.7142857142858,1317.7857142857142,-0.7818314824680299,0.6234898018587334,2021-01-10,354,1098.0
1098.0,1644.0,2263.0,1910.0,1713.0,1597.0,1010.0,606.0,1070.0,861.0,1752.0,1485.0,1293.0,751.0,1605.0,1360.9285714285713,0.0,1.0,2021-01-11,355,1392.0
1392.0,1098.0,1644.0,2263.0,1910.0,1713.0,1597.0,1010.0,606.0,1070.0,861.0,1752.0,1485.0,1293.0,1659.5714285714287,1406.7142857142858,0.7818314824680298,0.6234898018587336,2021-01-12,356,1473.0
1473.0,1392.0,1098.0,1644.0,2263.0,1910.0,1713.0,1597.0,1010.0,606.0,1070.0,861.0,1752.0,1485.0,1641.857142857143,1419.5714285714287,0.9749279121818236,-0.22252093395631434,2021-01-13,357,2057.0
2057.0,1473.0,1392.0,1098.0,1644.0,2263.0,1910.0,1713.0,1597.0,1010.0,606.0,1070.0,861.0,1752.0,1691.0,1460.4285714285713,0.43388373911755823,-0.900968867902419,2021-01-14,358,2198.0
2198.0,2057.0,1473.0,1392.0,1098.0,1644.0,2263.0,1910.0,1713.0,1597.0,1010.0,606.0,1070.0,861.0,1732.142857142857,1492.2857142857142,-0.433883739117558,-0.9009688679024191,2021-01-15,359,2573.0
2573.0,2198.0,2057.0,1473.0,1392.0,1098.0,1644.0,2263.0,1910.0,1713.0,1597.0,1010.0,606.0,1070.0,1776.4285714285713,1614.5714285714287,-0.9749279121818236,-0.2225209339563146,2021-01-16,360,2091.0
2091.0,2573.0,2198.0,2057.0,1473.0,1392.0,1098.0,1644.0,2263.0,1910.0,1713.0,1597.0,1010.0,606.0,1840.2857142857142,1687.5,-0.7818314824680299,0.6234898018587334,2021-01-17,361,1503.0
1503.0,2091.0,2573.0,2198.0,2057.0,1473.0,1392.0,1098.0,1644.0,2263.0,1910.0,1713.0,1597.0,1010.0,1898.142857142857,1751.5714285714287,0.0,1.0,2021-01-18,362,1550.0
1550.0,1503.0,2091.0,2573.0,2198.0,2057.0,1473.0,1392.0,1098.0,1644.0,2263.0,1910.0,1713.0,1597.0,1920.7142857142858,1790.142857142857,0.7818314824680298,0.6234898018587336,2021-01-19,363,2357.0
2357.0,1550.0,1503.0,2091.0,2573.0,2198.0,2057.0,1473.0,1392.0,1098.0,1644.0,2263.0,1910.0,1713.0,2047.0,1844.4285714285713,0.9749279121818236,-0.22252093395631434,2021-01-20,364,2655.0
2655.0,2357.0,1550.0,1503.0,2091.0,2573.0,2198.0,2057.0,1473.0,1392.0,1098.0,1644.0,2263.0,1910.0,2132.4285714285716,1911.7142857142858,0.43388373911755823,-0.900968867902419,2021-01-21,365,2648.0
2648.0,2655.0,2357.0,1550.0,1503.0,2091.0,2573.0,2198.0,2057.0,1473.0,1392.0,1098.0,1644.0,2263.0,2196.714285714286,1964.4285714285713,-0.433883739117558,-0.9009688679024191,2021-01-22,366,1864.0
1864.0,2648.0,2655.0,2357.0,1550.0,1503.0,2091.0,2573.0,2198.0,2057.0,1473.0,1392.0,1098.0,1644.0,2095.4285714285716,1935.9285714285713,-0.9749279121818236,-0.2225209339563146,2021-01-23,367,1732.0
1732.0,1864.0,2648.0,2655.0,2357.0,1550.0,1503.0,2091.0,2573.0,2198.0,2057.0,1473.0,1392.0,1098.0,2044.142857142857,1942.2142857142858,-0.7818314824680299,0.6234898018587334,2021-01-24,368,1048.0
1048.0,1732.0,1864.0,2648.0,2655.0,2357.0,1550.0,1503.0,2091.0,2573.0,2198.0,2057.0,1473.0,1392.0,1979.142857142857,1938.642857142857,0.0,1.0,2021-01-25,369,1781.0
1781.0,1048.0,1732.0,1864.0,2648.0,2655.0,2357.0,1550.0,1503.0,2091.0,2573.0,2198.0,2057.0,1473.0,2012.142857142857,1966.4285714285713,0.7818314824680298,0.6234898018587336,2021-01-26,370,2390.0
2390.0,1781.0,1048.0,1732.0,1864.0,2648.0,2655.0,2357.0,1550.0,1503.0,2091.0,2573.0,2198.0,2057.0,2016.857142857143,2031.9285714285713,0.9749279121818236,-0.22252093395631434,2021-01-27,371,2866.0
2866.0,2390.0,1781.0,1048.0,1732.0,1864.0,2648.0,2655.0,2357.0,1550.0,1503.0,2091.0,2573.0,2198.0,2047.0,2089.714285714286,0.43388373911755823,-0.900968867902419,2021-01-28,372,2652.0
2652.0,2866.0,2390.0,1781.0,1048.0,1732.0,1864.0,2648.0,2655.0,2357.0,1550.0,1503.0,2091.0,2573.0,2047.5714285714287,2122.1428571428573,-0.433883739117558,-0.9009688679024191,2021-01-29,373,2666.0
2666.0,2652.0,2866.0,2390.0,1781.0,1048.0,1732.0,1864.0,2648.0,2655.0,2357.0,1550.0,1503.0,2091.0,2162.1428571428573,2128.785714285714,-0.9749279121818236,-0.2225209339563146,2021-01-30,374,2005.0
2005.0,2666.0,2652.0,2866.0,2390.0,1781.0,1048.0,1732.0,1864.0,2648.0,2655.0,2357.0,1550.0,1503.0,2201.1428571428573,2122.6428571428573,-0.7818314824680299,0.6234898018587334,2021-01-31,375,1438.0
1438.0,2005.0,2666.0,2652.0,2866.0,2390.0,1781.0,1048.0,1732.0,1864.0,2648.0,2655.0,2357.0,1550.0,2256.8571428571427,2118.0,0.0,1.0,2021-02-01,376,1464.0
1464.0,1438.0,2005.0,2666.0,2652.0,2866.0,2390.0,1781.0,1048.0,1732.0,1864.0,2648.0,2655.0,2357.0,2211.5714285714284,2111.8571428571427,0.7818314824680298,0.6234898018587336,2021-02-02,377,2127.0
2127.0,1464.0,1438.0,2005.0,2666.0,2652.0,2866.0,2390.0,1781.0,1048.0,1732.0,1864.0,2648.0,2655.0,2174.0,2095.4285714285716,0.9749279121818236,-0.22252093395631434,2021-02-03,378,2021.0
2021.0,2127.0,1464.0,1438.0,2005.0,2666.0,2652.0,2866.0,2390.0,1781.0,1048.0,1732.0,1864.0,2648.0,2053.285714285714,2050.1428571428573,0.43388373911755823,-0.900968867902419,2021-02-04,379,1787.0
1787.0,2021.0,2127.0,1464.0,1438.0,2005.0,2666.0,2652.0,2866.0,2390.0,1781.0,1048.0,1732.0,1864.0,1929.7142857142858,1988.642857142857,-0.433883739117558,-0.9009688679024191,2021-02-05,380,1676.0
1676.0,1787.0,2021.0,2127.0,1464.0,1438.0,2005.0,2666.0,2652.0,2866.0,2390.0,1781.0,1048.0,1732.0,1788.2857142857142,1975.2142857142858,-0.9749279121818236,-0.2225209339563146,2021-02-06,381,1218.0
1218.0,1676.0,1787.0,2021.0,2127.0,1464.0,1438.0,2005.0,2666.0,2652.0,2866.0,2390.0,1781.0,1048.0,1675.857142857143,1938.5,-0.7818314824680299,0.6234898018587334,2021-02-07,382,839.0
839.0,1218.0,1676.0,1787.0,2021.0,2127.0,1464.0,1438.0,2005.0,2666.0,2652.0,2866.0,2390.0,1781.0,1590.2857142857142,1923.5714285714287,0.0,1.0,2021-02-08,383,1220.0
1220.0,839.0,1218.0,1676.0,1787.0,2021.0,2127.0,1464.0,1438.0,2005.0,2666.0,2652.0,2866.0,2390.0,1555.4285714285713,1883.5,0.7818314824680298,0.6234898018587336,2021-02-09,384,1544.0
1544.0,1220.0,839.0,1218.0,1676.0,1787.0,2021.0,2127.0,1464.0,1438.0,2005.0,2666.0,2652.0,2866.0,1472.142857142857,1823.0714285714287,0.9749279121818236,-0.22252093395631434,2021-02-10,385,1771.0
1771.0,1544.0,1220.0,839.0,1218.0,1676.0,1787.0,2021.0,2127.0,1464.0,1438.0,2005.0,2666.0,2652.0,1436.4285714285713,1744.857142857143,0.43388373911755823,-0.900968867902419,2021-02-11,386,1352.0
1352.0,1771.0,1544.0,1220.0,839.0,1218.0,1676.0,1787.0,2021.0,2127.0,1464.0,1438.0,2005.0,2666.0,1374.2857142857142,1652.0,-0.433883739117558,-0.9009688679024191,2021-02-12,387,1244.0
1244.0,1352.0,1771.0,1544.0,1220.0,839.0,1218.0,1676.0,1787.0,2021.0,2127.0,1464.0,1438.0,2005.0,1312.5714285714287,1550.4285714285713,-0.9749279121818236,-0.2225209339563146,2021-02-13,388,938.0
938.0,1244.0,1352.0,1771.0,1544.0,1220.0,839.0,1218.0,1676.0,1787.0,2021.0,2127.0,1464.0,1438.0,1272.5714285714287,1474.2142857142858,-0.7818314824680299,0.6234898018587334,2021-02-14,389,696.0
696.0,938.0,1244.0,1352.0,1771.0,1544.0,1220.0,839.0,1218.0,1676.0,1787.0,2021.0,2127.0,1464.0,1252.142857142857,1421.2142857142858,0.0,1.0,2021-02-15,390,412.0
412.0,696.0,938.0,1244.0,1352.0,1771.0,1544.0,1220.0,839.0,1218.0,1676.0,1787.0,2021.0,2127.0,1136.7142857142858,1346.0714285714287,0.7818314824680298,0.6234898018587336,2021-02-16,391,562.0
562.0,412.0,696.0,938.0,1244.0,1352.0,1771.0,1544.0,1220.0,839.0,1218.0,1676.0,1787.0,2021.0,996.4285714285714,1234.2857142857142,0.9749279121818236,-0.22252093395631434,2021-02-17,392,789.0
789.0,562.0,412.0,696.0,938.0,1244.0,1352.0,1771.0,1544.0,1220.0,839.0,1218.0,1676.0,1787.0,856.1428571428571,1146.2857142857142,0.43388373911755823,-0.900968867902419,2021-02-18,393,1029.0
1029.0,789.0,562.0,412.0,696.0,938.0,1244.0,1352.0,1771.0,1544.0,1220.0,839.0,1218.0,1676.0,810.0,1092.142857142857,-0.433883739117558,-0.9009688679024191,2021-02-19,394,1152.0
1152.0,1029.0,789.0,562.0,412.0,696.0,938.0,1244.0,1352.0,1771.0,1544.0,1220.0,839.0,1218.0,796.8571428571429,1054.7142857142858,-0.9749279121818236,-0.2225209339563146,2021-02-20,395,1095.0
1095.0,1152.0,1029.0,789.0,562.0,412.0,696.0,938.0,1244.0,1352.0,1771.0,1544.0,1220.0,839.0,819.2857142857143,1045.9285714285713,-0.7818314824680299,0.6234898018587334,2021-02-21,396,521.0
521.0,1095.0,1152.0,1029.0,789.0,562.0,412.0,696.0,938.0,1244.0,1352.0,1771.0,1544.0,1220.0,794.2857142857143,1023.2142857142857,0.0,1.0,2021-02-22,397,884.0
884.0,521.0,1095.0,1152.0,1029.0,789.0,562.0,412.0,696.0,938.0,1244.0,1352.0,1771.0,1544.0,861.7142857142857,999.2142857142857,0.7818314824680298,0.6234898018587336,2021-02-23,398,1204.0
1204.0,884.0,521.0,1095.0,1152.0,1029.0,789.0,562.0,412.0,696.0,938.0,1244.0,1352.0,1771.0,953.4285714285714,974.9285714285714,0.9749279121818236,-0.22252093395631434,2021-02-24,399,1339.0
1339.0,1204.0,884.0,521.0,1095.0,1152.0,1029.0,789.0,562.0,412.0,696.0,938.0,1244.0,1352.0,1032.0,944.0714285714286,0.43388373911755823,-0.900968867902419,2021-02-25,400,1103.0
1103.0,1339.0,1204.0,884.0,521.0,1095.0,1152.0,1029.0,789.0,562.0,412.0,696.0,938.0,1244.0,1042.5714285714287,926.2857142857143,-0.433883739117558,-0.9009688679024191,2021-02-26,401,1069.0
1069.0,1103.0,1339.0,1204.0,884.0,521.0,1095.0,1152.0,1029.0,789.0,562.0,412.0,696.0,938.0,1030.7142857142858,913.7857142857143,-0.9749279121818236,-0.2225209339563146,2021-02-27,402,656.0
656.0,1069.0,1103.0,1339.0,1204.0,884.0,521.0,1095.0,1152.0,1029.0,789.0,562.0,412.0,696.0,968.0,893.6428571428571,-0.7818314824680299,0.6234898018587334,2021-02-28,403,463.0
463.0,656.0,1069.0,1103.0,1339.0,1204.0,884.0,521.0,1095.0,1152.0,1029.0,789.0,562.0,412.0,959.7142857142857,877.0,0.0,1.0,2021-03-01,404,757.0
757.0,463.0,656.0,1069.0,1103.0,1339.0,1204.0,884.0,521.0,1095.0,1152.0,1029.0,789.0,562.0,941.5714285714286,901.6428571428571,0.7818314824680298,0.6234898018587336,2021-03-02,405,790.0
790.0,757.0,463.0,656.0,1069.0,1103.0,1339.0,1204.0,884.0,521.0,1095.0,1152.0,1029.0,789.0,882.4285714285714,917.9285714285714,0.9749279121818236,-0.22252093395631434,2021-03-03,406,834.0
834.0,790.0,757.0,463.0,656.0,1069.0,1103.0,1339.0,1204.0,884.0,521.0,1095.0,1152.0,1029.0,810.2857142857143,921.1428571428571,0.43388373911755823,-0.900968867902419,2021-03-04,407,969.0
969.0,834.0,790.0,757.0,463.0,656.0,1069.0,1103.0,1339.0,1204.0,884.0,521.0,1095.0,1152.0,791.1428571428571,916.8571428571429,-0.433883739117558,-0.9009688679024191,2021-03-05,408,937.0
937.0,969.0,834.0,790.0,757.0,463.0,656.0,1069.0,1103.0,1339.0,1204.0,884.0,521.0,1095.0,772.2857142857143,901.5,-0.9749279121818236,-0.2225209339563146,2021-03-06,409,653.0
653.0,937.0,969.0,834.0,790.0,757.0,463.0,656.0,1069.0,1103.0,1339.0,1204.0,884.0,521.0,771.8571428571429,869.9285714285714,-0.7818314824680299,0.6234898018587334,2021-03-07,410,323.0
323.0,653.0,937.0,969.0,834.0,790.0,757.0,463.0,656.0,1069.0,1103.0,1339.0,1204.0,884.0,751.8571428571429,855.7857142857143,0.0,1.0,2021-03-08,411,463.0
463.0,323.0,653.0,937.0,969.0,834.0,790.0,757.0,463.0,656.0,1069.0,1103.0,1339.0,1204.0,709.8571428571429,825.7142857142857,0.7818314824680298,0.6234898018587336,2021-03-09,412,885.0
885.0,463.0,323.0,653.0,937.0,969.0,834.0,790.0,757.0,463.0,656.0,1069.0,1103.0,1339.0,723.4285714285714,802.9285714285714,0.9749279121818236,-0.22252093395631434,2021-03-10,413,841.0
841.0,885.0,463.0,323.0,653.0,937.0,969.0,834.0,790.0,757.0,463.0,656.0,1069.0,1103.0,724.4285714285714,767.3571428571429,0.43388373911755823,-0.900968867902419,2021-03-11,414,778.0
778.0,841.0,885.0,463.0,323.0,653.0,937.0,969.0,834.0,790.0,757.0,463.0,656.0,1069.0,697.1428571428571,744.1428571428571,-0.433883739117558,-0.9009688679024191,2021-03-12,415,1084.0
1084.0,778.0,841.0,885.0,463.0,323.0,653.0,937.0,969.0,834.0,790.0,757.0,463.0,656.0,718.1428571428571,745.2142857142857,-0.9749279121818236,-0.2225209339563146,2021-03-13,416,680.0
680.0,1084.0,778.0,841.0,885.0,463.0,323.0,653.0,937.0,969.0,834.0,790.0,757.0,463.0,722.0,746.9285714285714,-0.7818314824680299,0.6234898018587334,2021-03-14,417,385.0
385.0,680.0,1084.0,778.0,841.0,885.0,463.0,323.0,653.0,937.0,969.0,834.0,790.0,757.0,730.8571428571429,741.3571428571429,0.0,1.0,2021-03-15,418,670.0
670.0,385.0,680.0,1084.0,778.0,841.0,885.0,463.0,323.0,653.0,937.0,969.0,834.0,790.0,760.4285714285714,735.1428571428571,0.7818314824680298,0.6234898018587336,2021-03-16,419,929.0
929.0,670.0,385.0,680.0,1084.0,778.0,841.0,885.0,463.0,323.0,653.0,937.0,969.0,834.0,766.7142857142857,745.0714285714286,0.9749279121818236,-0.22252093395631434,2021-03-17,420,1068.0
1068.0,929.0,670.0,385.0,680.0,1084.0,778.0,841.0,885.0,463.0,323.0,653.0,937.0,969.0,799.1428571428571,761.7857142857143,0.43388373911755823,-0.900968867902419,2021-03-18,421,885.0
885.0,1068.0,929.0,670.0,385.0,680.0,1084.0,778.0,841.0,885.0,463.0,323.0,653.0,937.0,814.4285714285714,755.7857142857143,-0.433883739117558,-0.9009688679024191,2021-03-19,422,867.0
867.0,885.0,1068.0,929.0,670.0,385.0,680.0,1084.0,778.0,841.0,885.0,463.0,323.0,653.0,783.4285714285714,750.7857142857143,-0.9749279121818236,-0.2225209339563146,2021-03-20,423,603.0
603.0,867.0,885.0,1068.0,929.0,670.0,385.0,680.0,1084.0,778.0,841.0,885.0,463.0,323.0,772.4285714285714,747.2142857142857,-0.7818314824680299,0.6234898018587334,2021-03-21,424,223.0
223.0,603.0,867.0,885.0,1068.0,929.0,670.0,385.0,680.0,1084.0,778.0,841.0,885.0,463.0,749.2857142857143,740.0714285714286,0.0,1.0,2021-03-22,425,573.0
573.0,223.0,603.0,867.0,885.0,1068.0,929.0,670.0,385.0,680.0,1084.0,778.0,841.0,885.0,735.4285714285714,747.9285714285714,0.7818314824680298,0.6234898018587336,2021-03-23,426,879.0
879.0,573.0,223.0,603.0,867.0,885.0,1068.0,929.0,670.0,385.0,680.0,1084.0,778.0,841.0,728.2857142857143,747.5,0.9749279121818236,-0.22252093395631434,2021-03-24,427,973.0
973.0,879.0,573.0,223.0,603.0,867.0,885.0,1068.0,929.0,670.0,385.0,680.0,1084.0,778.0,714.7142857142857,756.9285714285714,0.43388373911755823,-0.900968867902419,2021-03-25,428,774.0
774.0,973.0,879.0,573.0,223.0,603.0,867.0,885.0,1068.0,929.0,670.0,385.0,680.0,1084.0,698.8571428571429,756.6428571428571,-0.433883739117558,-0.9009688679024191,2021-03-26,429,878.0
878.0,774.0,973.0,879.0,573.0,223.0,603.0,867.0,885.0,1068.0,929.0,670.0,385.0,680.0,700.4285714285714,741.9285714285714,-0.9749279121818236,-0.2225209339563146,2021-03-27,430,591.0
591.0,878.0,774.0,973.0,879.0,573.0,223.0,603.0,867.0,885.0,1068.0,929.0,670.0,385.0,698.7142857142857,735.5714285714286,-0.7818314824680299,0.6234898018587334,2021-03-28,431,326.0
326.0,591.0,878.0,774.0,973.0,879.0,573.0,223.0,603.0,867.0,885.0,1068.0,929.0,670.0,713.4285714285714,731.3571428571429,0.0,1.0,2021-03-29,432,719.0
719.0,326.0,591.0,878.0,774.0,973.0,879.0,573.0,223.0,603.0,867.0,885.0,1068.0,929.0,734.2857142857143,734.8571428571429,0.7818314824680298,0.6234898018587336,2021-03-30,433,1072.0
1072.0,719.0,326.0,591.0,878.0,774.0,973.0,879.0,573.0,223.0,603.0,867.0,885.0,1068.0,761.8571428571429,745.0714285714286,0.9749279121818236,-0.22252093395631434,2021-03-31,434,992.0
992.0,1072.0,719.0,326.0,591.0,878.0,774.0,973.0,879.0,573.0,223.0,603.0,867.0,885.0,764.5714285714286,739.6428571428571,0.43388373911755823,-0.900968867902419,2021-04-01,435,916.0
916.0,992.0,1072.0,719.0,326.0,591.0,878.0,774.0,973.0,879.0,573.0,223.0,603.0,867.0,784.8571428571429,741.8571428571429,-0.433883739117558,-0.9009688679024191,2021-04-02,436,620.0
620.0,916.0,992.0,1072.0,719.0,326.0,591.0,878.0,774.0,973.0,879.0,573.0,223.0,603.0,748.0,724.2142857142857,-0.9749279121818236,-0.2225209339563146,2021-04-03,437,520.0
520.0,620.0,916.0,992.0,1072.0,719.0,326.0,591.0,878.0,774.0,973.0,879.0,573.0,223.0,737.8571428571429,718.2857142857143,-0.7818314824680299,0.6234898018587334,2021-04-04,438,467.0
467.0,520.0,620.0,916.0,992.0,1072.0,719.0,326.0,591.0,878.0,774.0,973.0,879.0,573.0,758.0,735.7142857142857,0.0,1.0,2021-04-05,439,458.0
458.0,467.0,520.0,620.0,916.0,992.0,1072.0,719.0,326.0,591.0,878.0,774.0,973.0,879.0,720.7142857142857,727.5,0.7818314824680298,0.6234898018587336,2021-04-06,440,1498.0
1498.0,458.0,467.0,520.0,620.0,916.0,992.0,1072.0,719.0,326.0,591.0,878.0,774.0,973.0,781.5714285714286,771.7142857142857,0.9749279121818236,-0.22252093395631434,2021-04-07,441,1076.0
1076.0,1498.0,458.0,467.0,520.0,620.0,916.0,992.0,1072.0,719.0,326.0,591.0,878.0,774.0,793.5714285714286,779.0714285714286,0.43388373911755823,-0.900968867902419,2021-04-08,442,1241.0
1241.0,1076.0,1498.0,458.0,467.0,520.0,620.0,916.0,992.0,1072.0,719.0,326.0,591.0,878.0,840.0,812.4285714285714,-0.433883739117558,-0.9009688679024191,2021-04-09,443,1442.0
1442.0,1241.0,1076.0,1498.0,458.0,467.0,520.0,620.0,916.0,992.0,1072.0,719.0,326.0,591.0,957.4285714285714,852.7142857142857,-0.9749279121818236,-0.2225209339563146,2021-04-10,444,921.0
921.0,1442.0,1241.0,1076.0,1498.0,458.0,467.0,520.0,620.0,916.0,992.0,1072.0,719.0,326.0,1014.7142857142857,876.2857142857143,-0.7818314824680299,0.6234898018587334,2021-04-11,445,525.0
525.0,921.0,1442.0,1241.0,1076.0,1498.0,458.0,467.0,520.0,620.0,916.0,992.0,1072.0,719.0,1023.0,890.5,0.0,1.0,2021-04-12,446,989.0
989.0,525.0,921.0,1442.0,1241.0,1076.0,1498.0,458.0,467.0,520.0,620.0,916.0,992.0,1072.0,1098.857142857143,909.7857142857143,0.7818314824680298,0.6234898018587336,2021-04-13,447,1099.0
1099.0,989.0,525.0,921.0,1442.0,1241.0,1076.0,1498.0,458.0,467.0,520.0,620.0,916.0,992.0,1041.857142857143,911.7142857142857,0.9749279121818236,-0.22252093395631434,2021-04-14,448,1108.0
1108.0,1099.0,989.0,525.0,921.0,1442.0,1241.0,1076.0,1498.0,458.0,467.0,520.0,620.0,916.0,1046.4285714285713,920.0,0.43388373911755823,-0.900968867902419,2021-04-15,449,823.0
823.0,1108.0,1099.0,989.0,525.0,921.0,1442.0,1241.0,1076.0,1498.0,458.0,467.0,520.0,620.0,986.7142857142857,913.3571428571429,-0.433883739117558,-0.9009688679024191,2021-04-16,450,1246.0
1246.0,823.0,1108.0,1099.0,989.0,525.0,921.0,1442.0,1241.0,1076.0,1498.0,458.0,467.0,520.0,958.7142857142857,958.0714285714286,-0.9749279121818236,-0.2225209339563146,2021-04-17,451,0.0
0.0,1246.0,823.0,1108.0,1099.0,989.0,525.0,921.0,1442.0,1241.0,1076.0,1498.0,458.0,467.0,827.1428571428571,920.9285714285714,-0.7818314824680299,0.6234898018587334,2021-04-18,452,1706.0
1706.0,0.0,1246.0,823.0,1108.0,1099.0,989.0,525.0,921.0,1442.0,1241.0,1076.0,1498.0,458.0,995.8571428571429,1009.4285714285714,0.0,1.0,2021-04-19,453,1296.0
1296.0,1706.0,0.0,1246.0,823.0,1108.0,1099.0,989.0,525.0,921.0,1442.0,1241.0,1076.0,1498.0,1039.7142857142858,1069.2857142857142,0.7818314824680298,0.6234898018587336,2021-04-20,454,1313.0
1313.0,1296.0,1706.0,0.0,1246.0,823.0,1108.0,1099.0,989.0,525.0,921.0,1442.0,1241.0,1076.0,1070.2857142857142,1056.0714285714287,0.9749279121818236,-0.22252093395631434,2021-04-21,455,1386.0
1386.0,1313.0,1296.0,1706.0,0.0,1246.0,823.0,1108.0,1099.0,989.0,525.0,921.0,1442.0,1241.0,1110.0,1078.2142857142858,0.43388373911755823,-0.900968867902419,2021-04-22,456,1330.0
1330.0,1386.0,1313.0,1296.0,1706.0,0.0,1246.0,823.0,1108.0,1099.0,989.0,525.0,921.0,1442.0,1182.4285714285713,1084.5714285714287,-0.433883739117558,-0.9009688679024191,2021-04-23,457,1501.0
1501.0,1330.0,1386.0,1313.0,1296.0,1706.0,0.0,1246.0,823.0,1108.0,1099.0,989.0,525.0,921.0,1218.857142857143,1088.7857142857142,-0.9749279121818236,-0.2225209339563146,2021-04-24,458,1293.0
1293.0,1501.0,1330.0,1386.0,1313.0,1296.0,1706.0,0.0,1246.0,823.0,1108.0,1099.0,989.0,525.0,1403.5714285714287,1115.357142857143,-0.7818314824680299,0.6234898018587334,2021-04-25,459,474.0
474.0,1293.0,1501.0,1330.0,1386.0,1313.0,1296.0,1706.0,0.0,1246.0,823.0,1108.0,1099.0,989.0,1227.5714285714287,1111.7142857142858,0.0,1.0,2021-04-26,460,1119.0
1119.0,474.0,1293.0,1501.0,1330.0,1386.0,1313.0,1296.0,1706.0,0.0,1246.0,823.0,1108.0,1099.0,1202.2857142857142,1121.0,0.7818314824680298,0.6234898018587336,2021-04-27,461,1480.0
1480.0,1119.0,474.0,1293.0,1501.0,1330.0,1386.0,1313.0,1296.0,1706.0,0.0,1246.0,823.0,1108.0,1226.142857142857,1148.2142857142858,0.9749279121818236,-0.22252093395631434,2021-04-28,462,1573.0
1573.0,1480.0,1119.0,474.0,1293.0,1501.0,1330.0,1386.0,1313.0,1296.0,1706.0,0.0,1246.0,823.0,1252.857142857143,1181.4285714285713,0.43388373911755823,-0.900968867902419,2021-04-29,463,0.0
0.0,1573.0,1480.0,1119.0,474.0,1293.0,1501.0,1330.0,1386.0,1313.0,1296.0,1706.0,0.0,1246.0,1062.857142857143,1122.642857142857,-0.433883739117558,-0.9009688679024191,2021-04-30,464,1901.0
1901.0,0.0,1573.0,1480.0,1119.0,474.0,1293.0,1501.0,1330.0,1386.0,1313.0,1296.0,1706.0,0.0,1120.0,1169.4285714285713,-0.9749279121818236,-0.2225209339563146,2021-05-01,465,2795.0
2795.0,1901.0,0.0,1573.0,1480.0,1119.0,474.0,1293.0,1501.0,1330.0,1386.0,1313.0,1296.0,1706.0,1334.5714285714287,1369.0714285714287,-0.7818314824680299,0.6234898018587334,2021-05-02,466,0.0
0.0,2795.0,1901.0,0.0,1573.0,1480.0,1119.0,474.0,1293.0,1501.0,1330.0,1386.0,1313.0,1296.0,1266.857142857143,1247.2142857142858,0.0,1.0,2021-05-03,467,2457.0
2457.0,0.0,2795.0,1901.0,0.0,1573.0,1480.0,1119.0,474.0,1293.0,1501.0,1330.0,1386.0,1313.0,1458.0,1330.142857142857,0.7818314824680298,0.6234898018587336,2021-05-04,468,0.0
0.0,2457.0,0.0,2795.0,1901.0,0.0,1573.0,1480.0,1119.0,474.0,1293.0,1501.0,1330.0,1386.0,1246.5714285714287,1236.357142857143,0.9749279121818236,-0.22252093395631434,2021-05-05,469,1588.0
1588.0,0.0,2457.0,0.0,2795.0,1901.0,0.0,1573.0,1480.0,1119.0,474.0,1293.0,1501.0,1330.0,1248.7142857142858,1250.7857142857142,0.43388373911755823,-0.900968867902419,2021-05-06,470,3618.0
3618.0,1588.0,0.0,2457.0,0.0,2795.0,1901.0,0.0,1573.0,1480.0,1119.0,474.0,1293.0,1501.0,1765.5714285714287,1414.2142857142858,-0.433883739117558,-0.9009688679024191,2021-05-07,471,0.0
0.0,3618.0,1588.0,0.0,2457.0,0.0,2795.0,1901.0,0.0,1573.0,1480.0,1119.0,474.0,1293.0,1494.0,1307.0,-0.9749279121818236,-0.2225209339563146,2021-05-08,472,3357.0
3357.0,0.0,3618.0,1588.0,0.0,2457.0,0.0,2795.0,1901.0,0.0,1573.0,1480.0,1119.0,474.0,1574.2857142857142,1454.4285714285713,-0.7818314824680299,0.6234898018587334,2021-05-09,473,0.0
0.0,3357.0,0.0,3618.0,1588.0,0.0,2457.0,0.0,2795.0,1901.0,0.0,1573.0,1480.0,1119.0,1574.2857142857142,1420.5714285714287,0.0,1.0,2021-05-10,474,1063.0
1063.0,0.0,3357.0,0.0,3618.0,1588.0,0.0,2457.0,0.0,2795.0,1901.0,0.0,1573.0,1480.0,1375.142857142857,1416.5714285714287,0.7818314824680298,0.6234898018587336,2021-05-11,475,1599.0
1599.0,1063.0,0.0,3357.0,0.0,3618.0,1588.0,0.0,2457.0,0.0,2795.0,1901.0,0.0,1573.0,1603.5714285714287,1425.0714285714287,0.9749279121818236,-0.22252093395631434,2021-05-12,476,2369.0
2369.0,1599.0,1063.0,0.0,3357.0,0.0,3618.0,1588.0,0.0,2457.0,0.0,2795.0,1901.0,0.0,1715.142857142857,1481.9285714285713,0.43388373911755823,-0.900968867902419,2021-05-13,477,2290.0
2290.0,2369.0,1599.0,1063.0,0.0,3357.0,0.0,3618.0,1588.0,0.0,2457.0,0.0,2795.0,1901.0,1525.4285714285713,1645.5,-0.433883739117558,-0.9009688679024191,2021-05-14,478,2356.0
2356.0,2290.0,2369.0,1599.0,1063.0,0.0,3357.0,0.0,3618.0,1588.0,0.0,2457.0,0.0,2795.0,1862.0,1678.0,-0.9749279121818236,-0.2225209339563146,2021-05-15,479,2509.0
2509.0,2356.0,2290.0,2369.0,1599.0,1063.0,0.0,3357.0,0.0,3618.0,1588.0,0.0,2457.0,0.0,1740.857142857143,1657.5714285714287,-0.7818314824680299,0.6234898018587334,2021-05-16,480,2834.0
2834.0,2509.0,2356.0,2290.0,2369.0,1599.0,1063.0,0.0,3357.0,0.0,3618.0,1588.0,0.0,2457.0,2145.714285714286,1860.0,0.0,1.0,2021-05-17,481,2257.0
2257.0,2834.0,2509.0,2356.0,2290.0,2369.0,1599.0,1063.0,0.0,3357.0,0.0,3618.0,1588.0,0.0,2316.285714285714,1845.7142857142858,0.7818314824680298,0.6234898018587336,2021-05-18,482,0.0
0.0,2257.0,2834.0,2509.0,2356.0,2290.0,2369.0,1599.0,1063.0,0.0,3357.0,0.0,3618.0,1588.0,2087.8571428571427,1845.7142857142858,0.9749279121818236,-0.22252093395631434,2021-05-19,483,2617.0
2617.0,0.0,2257.0,2834.0,2509.0,2356.0,2290.0,2369.0,1599.0,1063.0,0.0,3357.0,0.0,3618.0,2123.285714285714,1919.2142857142858,0.43388373911755823,-0.900968867902419,2021-05-20,484,2766.0
2766.0,2617.0,0.0,2257.0,2834.0,2509.0,2356.0,2290.0,2369.0,1599.0,1063.0,0.0,3357.0,0.0,2191.285714285714,1858.357142857143,-0.433883739117558,-0.9009688679024191,2021-05-21,485,2858.0
2858.0,2766.0,2617.0,0.0,2257.0,2834.0,2509.0,2356.0,2290.0,2369.0,1599.0,1063.0,0.0,3357.0,2263.0,2062.5,-0.9749279121818236,-0.2225209339563146,2021-05-22,486,3005.0
3005.0,2858.0,2766.0,2617.0,0.0,2257.0,2834.0,2509.0,2356.0,2290.0,2369.0,1599.0,1063.0,0.0,2333.8571428571427,2037.357142857143,-0.7818314824680299,0.6234898018587334,2021-05-23,487,3583.0
3583.0,3005.0,2858.0,2766.0,2617.0,0.0,2257.0,2834.0,2509.0,2356.0,2290.0,2369.0,1599.0,1063.0,2440.8571428571427,2293.285714285714,0.0,1.0,2021-05-24,488,0.0
0.0,3583.0,3005.0,2858.0,2766.0,2617.0,0.0,2257.0,2834.0,2509.0,2356.0,2290.0,2369.0,1599.0,2118.4285714285716,2217.3571428571427,0.7818314824680298,0.6234898018587336,2021-05-25,489,5696.0
5696.0,0.0,3583.0,3005.0,2858.0,2766.0,2617.0,0.0,2257.0,2834.0,2509.0,2356.0,2290.0,2369.0,2932.1428571428573,2510.0,0.9749279121818236,-0.22252093395631434,2021-05-26,490,3213.0
3213.0,5696.0,0.0,3583.0,3005.0,2858.0,2766.0,2617.0,0.0,2257.0,2834.0,2509.0,2356.0,2290.0,3017.285714285714,2570.285714285714,0.43388373911755823,-0.900968867902419,2021-05-27,491,3018.0
3018.0,3213.0,5696.0,0.0,3583.0,3005.0,2858.0,2766.0,2617.0,0.0,2257.0,2834.0,2509.0,2356.0,3053.285714285714,2622.285714285714,-0.433883739117558,-0.9009688679024191,2021-05-28,492,2990.0
2990.0,3018.0,3213.0,5696.0,0.0,3583.0,3005.0,2858.0,2766.0,2617.0,0.0,2257.0,2834.0,2509.0,3072.1428571428573,2667.5714285714284,-0.9749279121818236,-0.2225209339563146,2021-05-29,493,2144.0
